invoice_number,invoice_date,store_name,city,item_name,quantity,unit_price,line_amount,bill_subtotal,discount,cgst,sgst,grand_total,payment_mode
INV-20260519-0001,2026-05-19 08:04,Spencer's,Lucknow,Horlicks 500g,3,279.15,837.45,9772.46,195.45,239.43,239.43,10055.87,Cash
INV-20260519-0001,2026-05-19 08:04,Spencer's,Lucknow,Amul Gold Milk 1L,3,415.15,1245.45,9772.46,195.45,239.43,239.43,10055.87,Card
INV-20260519-0001,2026-05-19 08:04,Spencer's,Lucknow,Fortune Sunflower Oil 1L,1,166.78,166.78,9772.46,195.45,239.43,239.43,10055.87,UPI
INV-20260519-0001,2026-05-19 08:04,Spencer's,Lucknow,Potato 2kg,1,651.14,651.14,9772.46,195.45,239.43,239.43,10055.87,Cash
INV-20260519-0001,2026-05-19 08:04,Spencer's,Lucknow,Britannia Bread,1,573.26,573.26,9772.46,195.45,239.43,239.43,10055.87,UPI
INV-20260519-0001,2026-05-19 08:04,Spencer's,Lucknow,Tata Salt 1kg,2,726.49,1452.98,9772.46,195.45,239.43,239.43,10055.87,Cash
INV-20260519-0001,2026-05-19 08:04,Spencer's,Lucknow,Tomato 1kg,3,667.2,2001.6,9772.46,195.45,239.43,239.43,10055.87,Cash
INV-20260519-0001,2026-05-19 08:04,Spencer's,Lucknow,Aashirvaad Atta 5kg,2,713.67,1427.34,9772.46,195.45,239.43,239.43,10055.87,UPI
INV-20260519-0001,2026-05-19 08:04,Spencer's,Lucknow,Tata Tea Premium 500g,2,708.23,1416.46,9772.46,195.45,239.43,239.43,10055.87,Cash
INV-20260312-0002,2026-03-12 08:56,More Supermarket,Delhi,Clinic Plus Shampoo,3,195.75,587.25,5008.1,250.41,118.94,118.94,4995.57,Card
INV-20260312-0002,2026-03-12 08:56,More Supermarket,Delhi,Tomato 1kg,2,373.73,747.46,5008.1,250.41,118.94,118.94,4995.57,UPI
INV-20260312-0002,2026-03-12 08:56,More Supermarket,Delhi,Potato 2kg,2,288.59,577.18,5008.1,250.41,118.94,118.94,4995.57,UPI
INV-20260312-0002,2026-03-12 08:56,More Supermarket,Delhi,Wheel Detergent,1,181.84,181.84,5008.1,250.41,118.94,118.94,4995.57,UPI
INV-20260312-0002,2026-03-12 08:56,More Supermarket,Delhi,Surf Excel 1kg,1,287.66,287.66,5008.1,250.41,118.94,118.94,4995.57,UPI
INV-20260312-0002,2026-03-12 08:56,More Supermarket,Delhi,Onion 1kg,3,262.39,787.17,5008.1,250.41,118.94,118.94,4995.57,Card
INV-20260312-0002,2026-03-12 08:56,More Supermarket,Delhi,Parle-G Biscuits,3,439.04,1317.12,5008.1,250.41,118.94,118.94,4995.57,Cash
INV-20260312-0002,2026-03-12 08:56,More Supermarket,Delhi,Tata Salt 1kg,1,522.42,522.42,5008.1,250.41,118.94,118.94,4995.57,Cash
INV-20260410-0003,2026-04-10 10:06,Spencer's,Lucknow,Horlicks 500g,3,64.89,194.67,7381.32,369.07,175.31,175.31,7362.87,Card
INV-20260410-0003,2026-04-10 10:06,Spencer's,Lucknow,Wheel Detergent,3,633.41,1900.23,7381.32,369.07,175.31,175.31,7362.87,Card
INV-20260410-0003,2026-04-10 10:06,Spencer's,Lucknow,Maggi Noodles Pack,1,135.78,135.78,7381.32,369.07,175.31,175.31,7362.87,Cash
INV-20260410-0003,2026-04-10 10:06,Spencer's,Lucknow,Moong Dal 1kg,1,56.47,56.47,7381.32,369.07,175.31,175.31,7362.87,Card
INV-20260410-0003,2026-04-10 10:06,Spencer's,Lucknow,Onion 1kg,3,331.16,993.48,7381.32,369.07,175.31,175.31,7362.87,Card
INV-20260410-0003,2026-04-10 10:06,Spencer's,Lucknow,Apple 1kg,1,468.93,468.93,7381.32,369.07,175.31,175.31,7362.87,UPI
INV-20260410-0003,2026-04-10 10:06,Spencer's,Lucknow,Toor Dal 1kg,2,501.46,1002.92,7381.32,369.07,175.31,175.31,7362.87,Card
INV-20260410-0003,2026-04-10 10:06,Spencer's,Lucknow,Good Day Cookies,1,553.39,553.39,7381.32,369.07,175.31,175.31,7362.87,UPI
INV-20260410-0003,2026-04-10 10:06,Spencer's,Lucknow,Colgate Toothpaste,3,403.4,1210.2,7381.32,369.07,175.31,175.31,7362.87,Card
INV-20260410-0003,2026-04-10 10:06,Spencer's,Lucknow,Lux Soap,1,337.43,337.43,7381.32,369.07,175.31,175.31,7362.87,UPI
INV-20260410-0003,2026-04-10 10:06,Spencer's,Lucknow,Eggs (12 pcs),2,66.61,133.22,7381.32,369.07,175.31,175.31,7362.87,Cash
INV-20260410-0003,2026-04-10 10:06,Spencer's,Lucknow,Bru Coffee 200g,1,394.6,394.6,7381.32,369.07,175.31,175.31,7362.87,Card
INV-20260204-0004,2026-02-04 03:35,Reliance Smart Bazaar,Ghaziabad,Good Day Cookies,3,428.27,1284.81,7071.03,0.0,176.78,176.78,7424.59,Cash
INV-20260204-0004,2026-02-04 03:35,Reliance Smart Bazaar,Ghaziabad,Horlicks 500g,2,107.86,215.72,7071.03,0.0,176.78,176.78,7424.59,Cash
INV-20260204-0004,2026-02-04 03:35,Reliance Smart Bazaar,Ghaziabad,Aashirvaad Atta 5kg,3,80.35,241.05,7071.03,0.0,176.78,176.78,7424.59,Cash
INV-20260204-0004,2026-02-04 03:35,Reliance Smart Bazaar,Ghaziabad,Onion 1kg,3,280.24,840.72,7071.03,0.0,176.78,176.78,7424.59,Cash
INV-20260204-0004,2026-02-04 03:35,Reliance Smart Bazaar,Ghaziabad,Tata Salt 1kg,3,346.59,1039.77,7071.03,0.0,176.78,176.78,7424.59,UPI
INV-20260204-0004,2026-02-04 03:35,Reliance Smart Bazaar,Ghaziabad,Tata Tea Premium 500g,3,106.38,319.14,7071.03,0.0,176.78,176.78,7424.59,UPI
INV-20260204-0004,2026-02-04 03:35,Reliance Smart Bazaar,Ghaziabad,Potato 2kg,3,321.0,963.0,7071.03,0.0,176.78,176.78,7424.59,UPI
INV-20260204-0004,2026-02-04 03:35,Reliance Smart Bazaar,Ghaziabad,Tomato 1kg,1,708.86,708.86,7071.03,0.0,176.78,176.78,7424.59,UPI
INV-20260204-0004,2026-02-04 03:35,Reliance Smart Bazaar,Ghaziabad,Colgate Toothpaste,2,728.98,1457.96,7071.03,0.0,176.78,176.78,7424.59,Cash
INV-20260402-0005,2026-04-02 04:54,DMart Hypermarket,Noida,Tomato 1kg,1,207.37,207.37,6282.88,125.66,153.93,153.93,6465.08,Card
INV-20260402-0005,2026-04-02 04:54,DMart Hypermarket,Noida,Moong Dal 1kg,1,157.87,157.87,6282.88,125.66,153.93,153.93,6465.08,Cash
INV-20260402-0005,2026-04-02 04:54,DMart Hypermarket,Noida,Amul Gold Milk 1L,1,295.62,295.62,6282.88,125.66,153.93,153.93,6465.08,Cash
INV-20260402-0005,2026-04-02 04:54,DMart Hypermarket,Noida,Eggs (12 pcs),3,421.39,1264.17,6282.88,125.66,153.93,153.93,6465.08,Cash
INV-20260402-0005,2026-04-02 04:54,DMart Hypermarket,Noida,India Gate Basmati Rice 5kg,1,611.8,611.8,6282.88,125.66,153.93,153.93,6465.08,Cash
INV-20260402-0005,2026-04-02 04:54,DMart Hypermarket,Noida,Surf Excel 1kg,3,291.02,873.06,6282.88,125.66,153.93,153.93,6465.08,Cash
INV-20260402-0005,2026-04-02 04:54,DMart Hypermarket,Noida,Good Day Cookies,2,467.07,934.14,6282.88,125.66,153.93,153.93,6465.08,Cash
INV-20260402-0005,2026-04-02 04:54,DMart Hypermarket,Noida,Toor Dal 1kg,3,397.71,1193.13,6282.88,125.66,153.93,153.93,6465.08,Card
INV-20260402-0005,2026-04-02 04:54,DMart Hypermarket,Noida,Wheel Detergent,2,372.86,745.72,6282.88,125.66,153.93,153.93,6465.08,UPI
INV-20260408-0006,2026-04-08 10:19,DMart Hypermarket,Noida,Moong Dal 1kg,3,53.65,160.95,7314.54,146.29,179.21,179.21,7526.67,UPI
INV-20260408-0006,2026-04-08 10:19,DMart Hypermarket,Noida,Toor Dal 1kg,3,169.13,507.39,7314.54,146.29,179.21,179.21,7526.67,Cash
INV-20260408-0006,2026-04-08 10:19,DMart Hypermarket,Noida,Eggs (12 pcs),3,649.7,1949.1,7314.54,146.29,179.21,179.21,7526.67,Card
INV-20260408-0006,2026-04-08 10:19,DMart Hypermarket,Noida,Lux Soap,3,471.68,1415.04,7314.54,146.29,179.21,179.21,7526.67,Cash
INV-20260408-0006,2026-04-08 10:19,DMart Hypermarket,Noida,Apple 1kg,3,411.04,1233.12,7314.54,146.29,179.21,179.21,7526.67,Card
INV-20260408-0006,2026-04-08 10:19,DMart Hypermarket,Noida,Good Day Cookies,1,736.08,736.08,7314.54,146.29,179.21,179.21,7526.67,Card
INV-20260408-0006,2026-04-08 10:19,DMart Hypermarket,Noida,Potato 2kg,3,96.12,288.36,7314.54,146.29,179.21,179.21,7526.67,Cash
INV-20260408-0006,2026-04-08 10:19,DMart Hypermarket,Noida,Parle-G Biscuits,1,165.94,165.94,7314.54,146.29,179.21,179.21,7526.67,Card
INV-20260408-0006,2026-04-08 10:19,DMart Hypermarket,Noida,India Gate Basmati Rice 5kg,3,113.84,341.52,7314.54,146.29,179.21,179.21,7526.67,Card
INV-20260408-0006,2026-04-08 10:19,DMart Hypermarket,Noida,Sugar 1kg,1,517.04,517.04,7314.54,146.29,179.21,179.21,7526.67,Cash
INV-20260513-0007,2026-05-13 10:46,DMart Hypermarket,Noida,Aashirvaad Atta 5kg,3,678.42,2035.26,7773.63,388.68,184.62,184.62,7754.19,Card
INV-20260513-0007,2026-05-13 10:46,DMart Hypermarket,Noida,Wheel Detergent,1,699.07,699.07,7773.63,388.68,184.62,184.62,7754.19,Cash
INV-20260513-0007,2026-05-13 10:46,DMart Hypermarket,Noida,Horlicks 500g,1,725.64,725.64,7773.63,388.68,184.62,184.62,7754.19,UPI
INV-20260513-0007,2026-05-13 10:46,DMart Hypermarket,Noida,Britannia Bread,2,529.44,1058.88,7773.63,388.68,184.62,184.62,7754.19,Cash
INV-20260513-0007,2026-05-13 10:46,DMart Hypermarket,Noida,Sugar 1kg,1,345.85,345.85,7773.63,388.68,184.62,184.62,7754.19,Card
INV-20260513-0007,2026-05-13 10:46,DMart Hypermarket,Noida,Moong Dal 1kg,2,643.97,1287.94,7773.63,388.68,184.62,184.62,7754.19,Card
INV-20260513-0007,2026-05-13 10:46,DMart Hypermarket,Noida,Maggi Noodles Pack,1,145.11,145.11,7773.63,388.68,184.62,184.62,7754.19,UPI
INV-20260513-0007,2026-05-13 10:46,DMart Hypermarket,Noida,Lux Soap,1,541.71,541.71,7773.63,388.68,184.62,184.62,7754.19,UPI
INV-20260513-0007,2026-05-13 10:46,DMart Hypermarket,Noida,Tomato 1kg,1,329.05,329.05,7773.63,388.68,184.62,184.62,7754.19,Card
INV-20260513-0007,2026-05-13 10:46,DMart Hypermarket,Noida,Fortune Sunflower Oil 1L,2,200.86,401.72,7773.63,388.68,184.62,184.62,7754.19,Card
INV-20260513-0007,2026-05-13 10:46,DMart Hypermarket,Noida,Onion 1kg,1,203.4,203.4,7773.63,388.68,184.62,184.62,7754.19,UPI
INV-20260208-0008,2026-02-08 09:36,DMart Hypermarket,Noida,Onion 1kg,2,570.86,1141.72,3995.16,79.9,97.88,97.88,4111.02,UPI
INV-20260208-0008,2026-02-08 09:36,DMart Hypermarket,Noida,Fortune Sunflower Oil 1L,3,18.18,54.54,3995.16,79.9,97.88,97.88,4111.02,Card
INV-20260208-0008,2026-02-08 09:36,DMart Hypermarket,Noida,Tata Tea Premium 500g,2,560.77,1121.54,3995.16,79.9,97.88,97.88,4111.02,UPI
INV-20260208-0008,2026-02-08 09:36,DMart Hypermarket,Noida,Wheel Detergent,1,134.04,134.04,3995.16,79.9,97.88,97.88,4111.02,UPI
INV-20260208-0008,2026-02-08 09:36,DMart Hypermarket,Noida,Maggi Noodles Pack,2,163.78,327.56,3995.16,79.9,97.88,97.88,4111.02,Card
INV-20260208-0008,2026-02-08 09:36,DMart Hypermarket,Noida,Colgate Toothpaste,1,504.76,504.76,3995.16,79.9,97.88,97.88,4111.02,UPI
INV-20260208-0008,2026-02-08 09:36,DMart Hypermarket,Noida,Tata Salt 1kg,2,355.5,711.0,3995.16,79.9,97.88,97.88,4111.02,Cash
INV-20260122-0009,2026-01-22 11:39,Easyday Club,Aligarh,Colgate Toothpaste,1,741.57,741.57,3958.18,197.91,94.01,94.01,3948.29,UPI
INV-20260122-0009,2026-01-22 11:39,Easyday Club,Aligarh,Good Day Cookies,1,358.57,358.57,3958.18,197.91,94.01,94.01,3948.29,UPI
INV-20260122-0009,2026-01-22 11:39,Easyday Club,Aligarh,Horlicks 500g,2,461.79,923.58,3958.18,197.91,94.01,94.01,3948.29,UPI
INV-20260122-0009,2026-01-22 11:39,Easyday Club,Aligarh,Bru Coffee 200g,1,489.01,489.01,3958.18,197.91,94.01,94.01,3948.29,Card
INV-20260122-0009,2026-01-22 11:39,Easyday Club,Aligarh,Wheel Detergent,1,589.82,589.82,3958.18,197.91,94.01,94.01,3948.29,Cash
INV-20260122-0009,2026-01-22 11:39,Easyday Club,Aligarh,Surf Excel 1kg,1,43.81,43.81,3958.18,197.91,94.01,94.01,3948.29,Cash
INV-20260122-0009,2026-01-22 11:39,Easyday Club,Aligarh,Amul Gold Milk 1L,2,176.76,353.52,3958.18,197.91,94.01,94.01,3948.29,Cash
INV-20260122-0009,2026-01-22 11:39,Easyday Club,Aligarh,Potato 2kg,1,365.08,365.08,3958.18,197.91,94.01,94.01,3948.29,Card
INV-20260122-0009,2026-01-22 11:39,Easyday Club,Aligarh,Parle-G Biscuits,1,93.22,93.22,3958.18,197.91,94.01,94.01,3948.29,UPI
INV-20260513-0010,2026-05-13 21:30,More Supermarket,Delhi,Tata Tea Premium 500g,3,400.76,1202.28,5491.09,0.0,137.28,137.28,5765.65,Cash
INV-20260513-0010,2026-05-13 21:30,More Supermarket,Delhi,Moong Dal 1kg,2,122.27,244.54,5491.09,0.0,137.28,137.28,5765.65,UPI
INV-20260513-0010,2026-05-13 21:30,More Supermarket,Delhi,Eggs (12 pcs),2,452.18,904.36,5491.09,0.0,137.28,137.28,5765.65,Cash
INV-20260513-0010,2026-05-13 21:30,More Supermarket,Delhi,Potato 2kg,2,22.19,44.38,5491.09,0.0,137.28,137.28,5765.65,Card
INV-20260513-0010,2026-05-13 21:30,More Supermarket,Delhi,Good Day Cookies,1,471.89,471.89,5491.09,0.0,137.28,137.28,5765.65,UPI
INV-20260513-0010,2026-05-13 21:30,More Supermarket,Delhi,Onion 1kg,2,740.44,1480.88,5491.09,0.0,137.28,137.28,5765.65,UPI
INV-20260513-0010,2026-05-13 21:30,More Supermarket,Delhi,Clinic Plus Shampoo,2,571.38,1142.76,5491.09,0.0,137.28,137.28,5765.65,UPI
INV-20260527-0011,2026-05-27 07:18,DMart Hypermarket,Noida,Clinic Plus Shampoo,3,473.28,1419.84,6260.1,0.0,156.5,156.5,6573.1,Cash
INV-20260527-0011,2026-05-27 07:18,DMart Hypermarket,Noida,Lux Soap,3,453.37,1360.11,6260.1,0.0,156.5,156.5,6573.1,UPI
INV-20260527-0011,2026-05-27 07:18,DMart Hypermarket,Noida,Banana 1 Dozen,3,278.64,835.92,6260.1,0.0,156.5,156.5,6573.1,Cash
INV-20260527-0011,2026-05-27 07:18,DMart Hypermarket,Noida,Moong Dal 1kg,2,109.7,219.4,6260.1,0.0,156.5,156.5,6573.1,UPI
INV-20260527-0011,2026-05-27 07:18,DMart Hypermarket,Noida,Toor Dal 1kg,2,402.54,805.08,6260.1,0.0,156.5,156.5,6573.1,Card
INV-20260527-0011,2026-05-27 07:18,DMart Hypermarket,Noida,Amul Gold Milk 1L,1,384.19,384.19,6260.1,0.0,156.5,156.5,6573.1,UPI
INV-20260527-0011,2026-05-27 07:18,DMart Hypermarket,Noida,Maggi Noodles Pack,2,268.82,537.64,6260.1,0.0,156.5,156.5,6573.1,Cash
INV-20260527-0011,2026-05-27 07:18,DMart Hypermarket,Noida,Tata Salt 1kg,1,153.54,153.54,6260.1,0.0,156.5,156.5,6573.1,UPI
INV-20260527-0011,2026-05-27 07:18,DMart Hypermarket,Noida,Parle-G Biscuits,3,181.46,544.38,6260.1,0.0,156.5,156.5,6573.1,Cash
INV-20260530-0012,2026-05-30 18:33,Reliance Smart Bazaar,Ghaziabad,Banana 1 Dozen,2,561.23,1122.46,4354.84,87.1,106.69,106.69,4481.12,Card
INV-20260530-0012,2026-05-30 18:33,Reliance Smart Bazaar,Ghaziabad,Colgate Toothpaste,3,123.79,371.37,4354.84,87.1,106.69,106.69,4481.12,Cash
INV-20260530-0012,2026-05-30 18:33,Reliance Smart Bazaar,Ghaziabad,Clinic Plus Shampoo,1,142.67,142.67,4354.84,87.1,106.69,106.69,4481.12,UPI
INV-20260530-0012,2026-05-30 18:33,Reliance Smart Bazaar,Ghaziabad,Fortune Sunflower Oil 1L,1,739.69,739.69,4354.84,87.1,106.69,106.69,4481.12,Cash
INV-20260530-0012,2026-05-30 18:33,Reliance Smart Bazaar,Ghaziabad,Wheel Detergent,1,48.25,48.25,4354.84,87.1,106.69,106.69,4481.12,Card
INV-20260530-0012,2026-05-30 18:33,Reliance Smart Bazaar,Ghaziabad,India Gate Basmati Rice 5kg,3,122.55,367.65,4354.84,87.1,106.69,106.69,4481.12,UPI
INV-20260530-0012,2026-05-30 18:33,Reliance Smart Bazaar,Ghaziabad,Aashirvaad Atta 5kg,1,552.1,552.1,4354.84,87.1,106.69,106.69,4481.12,Cash
INV-20260530-0012,2026-05-30 18:33,Reliance Smart Bazaar,Ghaziabad,Bru Coffee 200g,2,419.97,839.94,4354.84,87.1,106.69,106.69,4481.12,Card
INV-20260530-0012,2026-05-30 18:33,Reliance Smart Bazaar,Ghaziabad,Sugar 1kg,1,170.71,170.71,4354.84,87.1,106.69,106.69,4481.12,Card
INV-20260204-0013,2026-02-04 12:46,Spencer's,Lucknow,Fortune Sunflower Oil 1L,2,213.86,427.72,9359.98,468.0,222.3,222.3,9336.58,Card
INV-20260204-0013,2026-02-04 12:46,Spencer's,Lucknow,Sugar 1kg,2,636.72,1273.44,9359.98,468.0,222.3,222.3,9336.58,Cash
INV-20260204-0013,2026-02-04 12:46,Spencer's,Lucknow,Maggi Noodles Pack,1,503.5,503.5,9359.98,468.0,222.3,222.3,9336.58,Cash
INV-20260204-0013,2026-02-04 12:46,Spencer's,Lucknow,Amul Gold Milk 1L,3,92.74,278.22,9359.98,468.0,222.3,222.3,9336.58,Card
INV-20260204-0013,2026-02-04 12:46,Spencer's,Lucknow,Onion 1kg,1,415.45,415.45,9359.98,468.0,222.3,222.3,9336.58,Cash
INV-20260204-0013,2026-02-04 12:46,Spencer's,Lucknow,Potato 2kg,2,596.83,1193.66,9359.98,468.0,222.3,222.3,9336.58,Cash
INV-20260204-0013,2026-02-04 12:46,Spencer's,Lucknow,Toor Dal 1kg,2,92.99,185.98,9359.98,468.0,222.3,222.3,9336.58,UPI
INV-20260204-0013,2026-02-04 12:46,Spencer's,Lucknow,India Gate Basmati Rice 5kg,3,714.05,2142.15,9359.98,468.0,222.3,222.3,9336.58,UPI
INV-20260204-0013,2026-02-04 12:46,Spencer's,Lucknow,Parle-G Biscuits,2,551.59,1103.18,9359.98,468.0,222.3,222.3,9336.58,UPI
INV-20260204-0013,2026-02-04 12:46,Spencer's,Lucknow,Tomato 1kg,3,149.26,447.78,9359.98,468.0,222.3,222.3,9336.58,UPI
INV-20260204-0013,2026-02-04 12:46,Spencer's,Lucknow,Apple 1kg,2,694.45,1388.9,9359.98,468.0,222.3,222.3,9336.58,Card
INV-20260604-0014,2026-06-04 14:31,DMart Hypermarket,Noida,Banana 1 Dozen,3,48.82,146.46,3940.74,78.81,96.55,96.55,4055.03,UPI
INV-20260604-0014,2026-06-04 14:31,DMart Hypermarket,Noida,Parle-G Biscuits,3,65.91,197.73,3940.74,78.81,96.55,96.55,4055.03,Card
INV-20260604-0014,2026-06-04 14:31,DMart Hypermarket,Noida,Sugar 1kg,1,318.51,318.51,3940.74,78.81,96.55,96.55,4055.03,Cash
INV-20260604-0014,2026-06-04 14:31,DMart Hypermarket,Noida,Tata Tea Premium 500g,3,68.4,205.2,3940.74,78.81,96.55,96.55,4055.03,Cash
INV-20260604-0014,2026-06-04 14:31,DMart Hypermarket,Noida,Good Day Cookies,3,716.98,2150.94,3940.74,78.81,96.55,96.55,4055.03,Card
INV-20260604-0014,2026-06-04 14:31,DMart Hypermarket,Noida,Bru Coffee 200g,3,307.3,921.9,3940.74,78.81,96.55,96.55,4055.03,UPI
INV-20260102-0015,2026-01-02 04:20,Spencer's,Lucknow,Bru Coffee 200g,1,377.41,377.41,6488.36,0.0,162.21,162.21,6812.78,UPI
INV-20260102-0015,2026-01-02 04:20,Spencer's,Lucknow,India Gate Basmati Rice 5kg,3,510.39,1531.17,6488.36,0.0,162.21,162.21,6812.78,Card
INV-20260102-0015,2026-01-02 04:20,Spencer's,Lucknow,Good Day Cookies,3,269.41,808.23,6488.36,0.0,162.21,162.21,6812.78,UPI
INV-20260102-0015,2026-01-02 04:20,Spencer's,Lucknow,Onion 1kg,3,617.08,1851.24,6488.36,0.0,162.21,162.21,6812.78,UPI
INV-20260102-0015,2026-01-02 04:20,Spencer's,Lucknow,Potato 2kg,1,587.55,587.55,6488.36,0.0,162.21,162.21,6812.78,Card
INV-20260102-0015,2026-01-02 04:20,Spencer's,Lucknow,Sugar 1kg,2,666.38,1332.76,6488.36,0.0,162.21,162.21,6812.78,Card
INV-20260526-0016,2026-05-26 22:11,Easyday Club,Aligarh,Aashirvaad Atta 5kg,3,644.8,1934.4,9472.35,189.45,232.07,232.07,9747.04,Card
INV-20260526-0016,2026-05-26 22:11,Easyday Club,Aligarh,Clinic Plus Shampoo,2,704.06,1408.12,9472.35,189.45,232.07,232.07,9747.04,UPI
INV-20260526-0016,2026-05-26 22:11,Easyday Club,Aligarh,Sugar 1kg,2,649.83,1299.66,9472.35,189.45,232.07,232.07,9747.04,Cash
INV-20260526-0016,2026-05-26 22:11,Easyday Club,Aligarh,Surf Excel 1kg,2,296.11,592.22,9472.35,189.45,232.07,232.07,9747.04,Cash
INV-20260526-0016,2026-05-26 22:11,Easyday Club,Aligarh,India Gate Basmati Rice 5kg,2,175.17,350.34,9472.35,189.45,232.07,232.07,9747.04,Card
INV-20260526-0016,2026-05-26 22:11,Easyday Club,Aligarh,Parle-G Biscuits,3,561.99,1685.97,9472.35,189.45,232.07,232.07,9747.04,Card
INV-20260526-0016,2026-05-26 22:11,Easyday Club,Aligarh,Horlicks 500g,1,666.52,666.52,9472.35,189.45,232.07,232.07,9747.04,Cash
INV-20260526-0016,2026-05-26 22:11,Easyday Club,Aligarh,Apple 1kg,1,221.56,221.56,9472.35,189.45,232.07,232.07,9747.04,Card
INV-20260526-0016,2026-05-26 22:11,Easyday Club,Aligarh,Good Day Cookies,1,446.06,446.06,9472.35,189.45,232.07,232.07,9747.04,Card
INV-20260526-0016,2026-05-26 22:11,Easyday Club,Aligarh,Maggi Noodles Pack,2,433.75,867.5,9472.35,189.45,232.07,232.07,9747.04,Cash
INV-20260512-0017,2026-05-12 21:28,Spencer's,Lucknow,Tata Salt 1kg,2,250.87,501.74,5464.29,109.29,133.88,133.88,5622.76,Cash
INV-20260512-0017,2026-05-12 21:28,Spencer's,Lucknow,Banana 1 Dozen,1,724.86,724.86,5464.29,109.29,133.88,133.88,5622.76,Card
INV-20260512-0017,2026-05-12 21:28,Spencer's,Lucknow,Aashirvaad Atta 5kg,3,260.41,781.23,5464.29,109.29,133.88,133.88,5622.76,Card
INV-20260512-0017,2026-05-12 21:28,Spencer's,Lucknow,Tata Tea Premium 500g,3,94.12,282.36,5464.29,109.29,133.88,133.88,5622.76,Cash
INV-20260512-0017,2026-05-12 21:28,Spencer's,Lucknow,Amul Gold Milk 1L,2,176.57,353.14,5464.29,109.29,133.88,133.88,5622.76,Cash
INV-20260512-0017,2026-05-12 21:28,Spencer's,Lucknow,Lux Soap,1,313.47,313.47,5464.29,109.29,133.88,133.88,5622.76,UPI
INV-20260512-0017,2026-05-12 21:28,Spencer's,Lucknow,Wheel Detergent,3,569.35,1708.05,5464.29,109.29,133.88,133.88,5622.76,Card
INV-20260512-0017,2026-05-12 21:28,Spencer's,Lucknow,Onion 1kg,3,266.48,799.44,5464.29,109.29,133.88,133.88,5622.76,Cash
INV-20260408-0018,2026-04-08 18:17,Easyday Club,Aligarh,Eggs (12 pcs),2,243.46,486.92,4366.88,87.34,106.99,106.99,4493.52,UPI
INV-20260408-0018,2026-04-08 18:17,Easyday Club,Aligarh,India Gate Basmati Rice 5kg,2,168.86,337.72,4366.88,87.34,106.99,106.99,4493.52,UPI
INV-20260408-0018,2026-04-08 18:17,Easyday Club,Aligarh,Banana 1 Dozen,1,186.92,186.92,4366.88,87.34,106.99,106.99,4493.52,Cash
INV-20260408-0018,2026-04-08 18:17,Easyday Club,Aligarh,Maggi Noodles Pack,3,132.17,396.51,4366.88,87.34,106.99,106.99,4493.52,Cash
INV-20260408-0018,2026-04-08 18:17,Easyday Club,Aligarh,Potato 2kg,3,734.96,2204.88,4366.88,87.34,106.99,106.99,4493.52,UPI
INV-20260408-0018,2026-04-08 18:17,Easyday Club,Aligarh,Toor Dal 1kg,3,133.94,401.82,4366.88,87.34,106.99,106.99,4493.52,UPI
INV-20260408-0018,2026-04-08 18:17,Easyday Club,Aligarh,Aashirvaad Atta 5kg,1,352.11,352.11,4366.88,87.34,106.99,106.99,4493.52,UPI
INV-20260413-0019,2026-04-13 12:46,Reliance Smart Bazaar,Ghaziabad,Onion 1kg,2,656.01,1312.02,4650.65,93.01,113.94,113.94,4785.52,UPI
INV-20260413-0019,2026-04-13 12:46,Reliance Smart Bazaar,Ghaziabad,Toor Dal 1kg,3,414.41,1243.23,4650.65,93.01,113.94,113.94,4785.52,Card
INV-20260413-0019,2026-04-13 12:46,Reliance Smart Bazaar,Ghaziabad,Britannia Bread,3,133.69,401.07,4650.65,93.01,113.94,113.94,4785.52,Cash
INV-20260413-0019,2026-04-13 12:46,Reliance Smart Bazaar,Ghaziabad,Wheel Detergent,2,277.06,554.12,4650.65,93.01,113.94,113.94,4785.52,Cash
INV-20260413-0019,2026-04-13 12:46,Reliance Smart Bazaar,Ghaziabad,Surf Excel 1kg,1,619.15,619.15,4650.65,93.01,113.94,113.94,4785.52,Card
INV-20260413-0019,2026-04-13 12:46,Reliance Smart Bazaar,Ghaziabad,Fortune Sunflower Oil 1L,2,260.53,521.06,4650.65,93.01,113.94,113.94,4785.52,Card
INV-20260428-0020,2026-04-28 18:08,Reliance Smart Bazaar,Ghaziabad,Eggs (12 pcs),2,131.83,263.66,10375.17,518.76,246.41,246.41,10349.23,UPI
INV-20260428-0020,2026-04-28 18:08,Reliance Smart Bazaar,Ghaziabad,Onion 1kg,1,165.01,165.01,10375.17,518.76,246.41,246.41,10349.23,Card
INV-20260428-0020,2026-04-28 18:08,Reliance Smart Bazaar,Ghaziabad,Lux Soap,3,269.24,807.72,10375.17,518.76,246.41,246.41,10349.23,Card
INV-20260428-0020,2026-04-28 18:08,Reliance Smart Bazaar,Ghaziabad,Banana 1 Dozen,2,372.06,744.12,10375.17,518.76,246.41,246.41,10349.23,Card
INV-20260428-0020,2026-04-28 18:08,Reliance Smart Bazaar,Ghaziabad,Tata Salt 1kg,1,366.84,366.84,10375.17,518.76,246.41,246.41,10349.23,Card
INV-20260428-0020,2026-04-28 18:08,Reliance Smart Bazaar,Ghaziabad,Surf Excel 1kg,3,522.03,1566.09,10375.17,518.76,246.41,246.41,10349.23,Card
INV-20260428-0020,2026-04-28 18:08,Reliance Smart Bazaar,Ghaziabad,Tomato 1kg,3,701.42,2104.26,10375.17,518.76,246.41,246.41,10349.23,Card
INV-20260428-0020,2026-04-28 18:08,Reliance Smart Bazaar,Ghaziabad,Horlicks 500g,3,436.47,1309.41,10375.17,518.76,246.41,246.41,10349.23,Card
INV-20260428-0020,2026-04-28 18:08,Reliance Smart Bazaar,Ghaziabad,Amul Gold Milk 1L,3,99.87,299.61,10375.17,518.76,246.41,246.41,10349.23,Cash
INV-20260428-0020,2026-04-28 18:08,Reliance Smart Bazaar,Ghaziabad,Parle-G Biscuits,1,611.35,611.35,10375.17,518.76,246.41,246.41,10349.23,Cash
INV-20260428-0020,2026-04-28 18:08,Reliance Smart Bazaar,Ghaziabad,Moong Dal 1kg,3,678.54,2035.62,10375.17,518.76,246.41,246.41,10349.23,Cash
INV-20260428-0020,2026-04-28 18:08,Reliance Smart Bazaar,Ghaziabad,Sugar 1kg,1,101.48,101.48,10375.17,518.76,246.41,246.41,10349.23,Cash
INV-20260326-0021,2026-03-26 21:29,Spencer's,Lucknow,Maggi Noodles Pack,3,176.74,530.22,5539.74,110.79,135.72,135.72,5700.39,Card
INV-20260326-0021,2026-03-26 21:29,Spencer's,Lucknow,Britannia Bread,1,213.66,213.66,5539.74,110.79,135.72,135.72,5700.39,Card
INV-20260326-0021,2026-03-26 21:29,Spencer's,Lucknow,Wheel Detergent,3,229.64,688.92,5539.74,110.79,135.72,135.72,5700.39,UPI
INV-20260326-0021,2026-03-26 21:29,Spencer's,Lucknow,Sugar 1kg,3,158.89,476.67,5539.74,110.79,135.72,135.72,5700.39,UPI
INV-20260326-0021,2026-03-26 21:29,Spencer's,Lucknow,Colgate Toothpaste,3,541.68,1625.04,5539.74,110.79,135.72,135.72,5700.39,Cash
INV-20260326-0021,2026-03-26 21:29,Spencer's,Lucknow,Potato 2kg,3,668.41,2005.23,5539.74,110.79,135.72,135.72,5700.39,Card
INV-20260425-0022,2026-04-25 22:39,DMart Hypermarket,Noida,Eggs (12 pcs),1,370.2,370.2,8679.64,433.98,206.14,206.14,8657.94,Card
INV-20260425-0022,2026-04-25 22:39,DMart Hypermarket,Noida,Sugar 1kg,1,63.41,63.41,8679.64,433.98,206.14,206.14,8657.94,UPI
INV-20260425-0022,2026-04-25 22:39,DMart Hypermarket,Noida,Tata Tea Premium 500g,3,398.85,1196.55,8679.64,433.98,206.14,206.14,8657.94,Card
INV-20260425-0022,2026-04-25 22:39,DMart Hypermarket,Noida,Britannia Bread,3,723.1,2169.3,8679.64,433.98,206.14,206.14,8657.94,UPI
INV-20260425-0022,2026-04-25 22:39,DMart Hypermarket,Noida,India Gate Basmati Rice 5kg,1,597.17,597.17,8679.64,433.98,206.14,206.14,8657.94,Card
INV-20260425-0022,2026-04-25 22:39,DMart Hypermarket,Noida,Amul Gold Milk 1L,1,298.07,298.07,8679.64,433.98,206.14,206.14,8657.94,UPI
INV-20260425-0022,2026-04-25 22:39,DMart Hypermarket,Noida,Tomato 1kg,3,419.53,1258.59,8679.64,433.98,206.14,206.14,8657.94,Cash
INV-20260425-0022,2026-04-25 22:39,DMart Hypermarket,Noida,Toor Dal 1kg,2,489.85,979.7,8679.64,433.98,206.14,206.14,8657.94,UPI
INV-20260425-0022,2026-04-25 22:39,DMart Hypermarket,Noida,Surf Excel 1kg,2,543.73,1087.46,8679.64,433.98,206.14,206.14,8657.94,UPI
INV-20260425-0022,2026-04-25 22:39,DMart Hypermarket,Noida,Horlicks 500g,1,139.61,139.61,8679.64,433.98,206.14,206.14,8657.94,Card
INV-20260425-0022,2026-04-25 22:39,DMart Hypermarket,Noida,Bru Coffee 200g,2,259.79,519.58,8679.64,433.98,206.14,206.14,8657.94,Card
INV-20260307-0023,2026-03-07 10:50,DMart Hypermarket,Noida,Moong Dal 1kg,2,575.97,1151.94,7568.84,0.0,189.22,189.22,7947.28,UPI
INV-20260307-0023,2026-03-07 10:50,DMart Hypermarket,Noida,Horlicks 500g,1,683.98,683.98,7568.84,0.0,189.22,189.22,7947.28,Card
INV-20260307-0023,2026-03-07 10:50,DMart Hypermarket,Noida,Good Day Cookies,2,407.87,815.74,7568.84,0.0,189.22,189.22,7947.28,Card
INV-20260307-0023,2026-03-07 10:50,DMart Hypermarket,Noida,Sugar 1kg,1,280.66,280.66,7568.84,0.0,189.22,189.22,7947.28,Cash
INV-20260307-0023,2026-03-07 10:50,DMart Hypermarket,Noida,Toor Dal 1kg,1,221.61,221.61,7568.84,0.0,189.22,189.22,7947.28,UPI
INV-20260307-0023,2026-03-07 10:50,DMart Hypermarket,Noida,Lux Soap,1,40.77,40.77,7568.84,0.0,189.22,189.22,7947.28,Card
INV-20260307-0023,2026-03-07 10:50,DMart Hypermarket,Noida,Amul Gold Milk 1L,3,357.33,1071.99,7568.84,0.0,189.22,189.22,7947.28,Card
INV-20260307-0023,2026-03-07 10:50,DMart Hypermarket,Noida,Bru Coffee 200g,1,645.32,645.32,7568.84,0.0,189.22,189.22,7947.28,UPI
INV-20260307-0023,2026-03-07 10:50,DMart Hypermarket,Noida,Apple 1kg,3,357.13,1071.39,7568.84,0.0,189.22,189.22,7947.28,UPI
INV-20260307-0023,2026-03-07 10:50,DMart Hypermarket,Noida,Wheel Detergent,1,408.68,408.68,7568.84,0.0,189.22,189.22,7947.28,UPI
INV-20260307-0023,2026-03-07 10:50,DMart Hypermarket,Noida,Clinic Plus Shampoo,2,588.38,1176.76,7568.84,0.0,189.22,189.22,7947.28,Card
INV-20260205-0024,2026-02-05 11:09,Reliance Smart Bazaar,Ghaziabad,Surf Excel 1kg,3,207.54,622.62,4938.09,98.76,120.98,120.98,5081.29,UPI
INV-20260205-0024,2026-02-05 11:09,Reliance Smart Bazaar,Ghaziabad,Aashirvaad Atta 5kg,1,554.18,554.18,4938.09,98.76,120.98,120.98,5081.29,UPI
INV-20260205-0024,2026-02-05 11:09,Reliance Smart Bazaar,Ghaziabad,Colgate Toothpaste,2,351.56,703.12,4938.09,98.76,120.98,120.98,5081.29,Card
INV-20260205-0024,2026-02-05 11:09,Reliance Smart Bazaar,Ghaziabad,Bru Coffee 200g,3,541.11,1623.33,4938.09,98.76,120.98,120.98,5081.29,UPI
INV-20260205-0024,2026-02-05 11:09,Reliance Smart Bazaar,Ghaziabad,Onion 1kg,1,702.1,702.1,4938.09,98.76,120.98,120.98,5081.29,Cash
INV-20260205-0024,2026-02-05 11:09,Reliance Smart Bazaar,Ghaziabad,Eggs (12 pcs),3,21.59,64.77,4938.09,98.76,120.98,120.98,5081.29,UPI
INV-20260205-0024,2026-02-05 11:09,Reliance Smart Bazaar,Ghaziabad,Lux Soap,1,46.79,46.79,4938.09,98.76,120.98,120.98,5081.29,UPI
INV-20260205-0024,2026-02-05 11:09,Reliance Smart Bazaar,Ghaziabad,Amul Gold Milk 1L,2,310.59,621.18,4938.09,98.76,120.98,120.98,5081.29,UPI
INV-20260312-0025,2026-03-12 19:21,Spencer's,Lucknow,Fortune Sunflower Oil 1L,3,296.56,889.68,3411.58,0.0,85.29,85.29,3582.16,Card
INV-20260312-0025,2026-03-12 19:21,Spencer's,Lucknow,Toor Dal 1kg,1,524.7,524.7,3411.58,0.0,85.29,85.29,3582.16,Cash
INV-20260312-0025,2026-03-12 19:21,Spencer's,Lucknow,Eggs (12 pcs),3,126.77,380.31,3411.58,0.0,85.29,85.29,3582.16,Card
INV-20260312-0025,2026-03-12 19:21,Spencer's,Lucknow,Apple 1kg,1,230.82,230.82,3411.58,0.0,85.29,85.29,3582.16,Card
INV-20260312-0025,2026-03-12 19:21,Spencer's,Lucknow,Aashirvaad Atta 5kg,1,40.36,40.36,3411.58,0.0,85.29,85.29,3582.16,UPI
INV-20260312-0025,2026-03-12 19:21,Spencer's,Lucknow,Britannia Bread,1,673.51,673.51,3411.58,0.0,85.29,85.29,3582.16,Card
INV-20260312-0025,2026-03-12 19:21,Spencer's,Lucknow,Amul Gold Milk 1L,1,672.2,672.2,3411.58,0.0,85.29,85.29,3582.16,Card
INV-20260421-0026,2026-04-21 19:21,Reliance Smart Bazaar,Ghaziabad,Sugar 1kg,1,146.2,146.2,5430.29,271.51,128.97,128.97,5416.72,Cash
INV-20260421-0026,2026-04-21 19:21,Reliance Smart Bazaar,Ghaziabad,India Gate Basmati Rice 5kg,2,262.18,524.36,5430.29,271.51,128.97,128.97,5416.72,Card
INV-20260421-0026,2026-04-21 19:21,Reliance Smart Bazaar,Ghaziabad,Moong Dal 1kg,3,209.9,629.7,5430.29,271.51,128.97,128.97,5416.72,UPI
INV-20260421-0026,2026-04-21 19:21,Reliance Smart Bazaar,Ghaziabad,Parle-G Biscuits,1,500.76,500.76,5430.29,271.51,128.97,128.97,5416.72,Cash
INV-20260421-0026,2026-04-21 19:21,Reliance Smart Bazaar,Ghaziabad,Tomato 1kg,3,113.26,339.78,5430.29,271.51,128.97,128.97,5416.72,Card
INV-20260421-0026,2026-04-21 19:21,Reliance Smart Bazaar,Ghaziabad,Apple 1kg,3,435.2,1305.6,5430.29,271.51,128.97,128.97,5416.72,UPI
INV-20260421-0026,2026-04-21 19:21,Reliance Smart Bazaar,Ghaziabad,Britannia Bread,2,599.68,1199.36,5430.29,271.51,128.97,128.97,5416.72,UPI
INV-20260421-0026,2026-04-21 19:21,Reliance Smart Bazaar,Ghaziabad,Horlicks 500g,3,91.59,274.77,5430.29,271.51,128.97,128.97,5416.72,Card
INV-20260421-0026,2026-04-21 19:21,Reliance Smart Bazaar,Ghaziabad,Onion 1kg,1,340.23,340.23,5430.29,271.51,128.97,128.97,5416.72,Cash
INV-20260421-0026,2026-04-21 19:21,Reliance Smart Bazaar,Ghaziabad,Tata Tea Premium 500g,1,169.53,169.53,5430.29,271.51,128.97,128.97,5416.72,UPI
INV-20260425-0027,2026-04-25 06:13,DMart Hypermarket,Noida,Good Day Cookies,1,617.1,617.1,9343.46,186.87,228.91,228.91,9614.41,UPI
INV-20260425-0027,2026-04-25 06:13,DMart Hypermarket,Noida,Apple 1kg,1,75.47,75.47,9343.46,186.87,228.91,228.91,9614.41,UPI
INV-20260425-0027,2026-04-25 06:13,DMart Hypermarket,Noida,Colgate Toothpaste,2,564.86,1129.72,9343.46,186.87,228.91,228.91,9614.41,Cash
INV-20260425-0027,2026-04-25 06:13,DMart Hypermarket,Noida,Bru Coffee 200g,3,25.36,76.08,9343.46,186.87,228.91,228.91,9614.41,UPI
INV-20260425-0027,2026-04-25 06:13,DMart Hypermarket,Noida,India Gate Basmati Rice 5kg,2,68.2,136.4,9343.46,186.87,228.91,228.91,9614.41,Card
INV-20260425-0027,2026-04-25 06:13,DMart Hypermarket,Noida,Tata Tea Premium 500g,3,498.6,1495.8,9343.46,186.87,228.91,228.91,9614.41,UPI
INV-20260425-0027,2026-04-25 06:13,DMart Hypermarket,Noida,Sugar 1kg,3,615.55,1846.65,9343.46,186.87,228.91,228.91,9614.41,UPI
INV-20260425-0027,2026-04-25 06:13,DMart Hypermarket,Noida,Tomato 1kg,1,98.35,98.35,9343.46,186.87,228.91,228.91,9614.41,UPI
INV-20260425-0027,2026-04-25 06:13,DMart Hypermarket,Noida,Onion 1kg,3,485.39,1456.17,9343.46,186.87,228.91,228.91,9614.41,Card
INV-20260425-0027,2026-04-25 06:13,DMart Hypermarket,Noida,Parle-G Biscuits,3,631.26,1893.78,9343.46,186.87,228.91,228.91,9614.41,Card
INV-20260425-0027,2026-04-25 06:13,DMart Hypermarket,Noida,Horlicks 500g,1,390.08,390.08,9343.46,186.87,228.91,228.91,9614.41,UPI
INV-20260425-0027,2026-04-25 06:13,DMart Hypermarket,Noida,Banana 1 Dozen,1,127.86,127.86,9343.46,186.87,228.91,228.91,9614.41,UPI
INV-20260221-0028,2026-02-21 23:44,Easyday Club,Aligarh,Wheel Detergent,2,504.09,1008.18,9091.23,454.56,215.92,215.92,9068.51,Cash
INV-20260221-0028,2026-02-21 23:44,Easyday Club,Aligarh,Clinic Plus Shampoo,3,385.27,1155.81,9091.23,454.56,215.92,215.92,9068.51,Cash
INV-20260221-0028,2026-02-21 23:44,Easyday Club,Aligarh,Horlicks 500g,3,709.42,2128.26,9091.23,454.56,215.92,215.92,9068.51,Card
INV-20260221-0028,2026-02-21 23:44,Easyday Club,Aligarh,Onion 1kg,2,677.58,1355.16,9091.23,454.56,215.92,215.92,9068.51,Cash
INV-20260221-0028,2026-02-21 23:44,Easyday Club,Aligarh,Banana 1 Dozen,1,478.03,478.03,9091.23,454.56,215.92,215.92,9068.51,Card
INV-20260221-0028,2026-02-21 23:44,Easyday Club,Aligarh,Fortune Sunflower Oil 1L,3,44.76,134.28,9091.23,454.56,215.92,215.92,9068.51,Card
INV-20260221-0028,2026-02-21 23:44,Easyday Club,Aligarh,Lux Soap,2,453.69,907.38,9091.23,454.56,215.92,215.92,9068.51,Cash
INV-20260221-0028,2026-02-21 23:44,Easyday Club,Aligarh,Tomato 1kg,2,406.42,812.84,9091.23,454.56,215.92,215.92,9068.51,Card
INV-20260221-0028,2026-02-21 23:44,Easyday Club,Aligarh,Colgate Toothpaste,3,370.43,1111.29,9091.23,454.56,215.92,215.92,9068.51,UPI
INV-20260508-0029,2026-05-08 22:22,Spencer's,Lucknow,India Gate Basmati Rice 5kg,2,689.19,1378.38,6239.33,124.79,152.86,152.86,6420.26,UPI
INV-20260508-0029,2026-05-08 22:22,Spencer's,Lucknow,Tata Tea Premium 500g,3,346.3,1038.9,6239.33,124.79,152.86,152.86,6420.26,Cash
INV-20260508-0029,2026-05-08 22:22,Spencer's,Lucknow,Wheel Detergent,1,186.35,186.35,6239.33,124.79,152.86,152.86,6420.26,Cash
INV-20260508-0029,2026-05-08 22:22,Spencer's,Lucknow,Banana 1 Dozen,3,373.75,1121.25,6239.33,124.79,152.86,152.86,6420.26,UPI
INV-20260508-0029,2026-05-08 22:22,Spencer's,Lucknow,Apple 1kg,1,337.76,337.76,6239.33,124.79,152.86,152.86,6420.26,Cash
INV-20260508-0029,2026-05-08 22:22,Spencer's,Lucknow,Eggs (12 pcs),2,116.68,233.36,6239.33,124.79,152.86,152.86,6420.26,UPI
INV-20260508-0029,2026-05-08 22:22,Spencer's,Lucknow,Amul Gold Milk 1L,1,613.25,613.25,6239.33,124.79,152.86,152.86,6420.26,Card
INV-20260508-0029,2026-05-08 22:22,Spencer's,Lucknow,Aashirvaad Atta 5kg,2,248.92,497.84,6239.33,124.79,152.86,152.86,6420.26,Cash
INV-20260508-0029,2026-05-08 22:22,Spencer's,Lucknow,Onion 1kg,1,326.59,326.59,6239.33,124.79,152.86,152.86,6420.26,Card
INV-20260508-0029,2026-05-08 22:22,Spencer's,Lucknow,Horlicks 500g,3,168.55,505.65,6239.33,124.79,152.86,152.86,6420.26,UPI
INV-20260406-0030,2026-04-06 22:50,More Supermarket,Delhi,Lux Soap,1,726.53,726.53,7425.81,0.0,185.65,185.65,7797.11,Cash
INV-20260406-0030,2026-04-06 22:50,More Supermarket,Delhi,Sugar 1kg,1,230.46,230.46,7425.81,0.0,185.65,185.65,7797.11,UPI
INV-20260406-0030,2026-04-06 22:50,More Supermarket,Delhi,Bru Coffee 200g,2,482.45,964.9,7425.81,0.0,185.65,185.65,7797.11,UPI
INV-20260406-0030,2026-04-06 22:50,More Supermarket,Delhi,Clinic Plus Shampoo,1,260.77,260.77,7425.81,0.0,185.65,185.65,7797.11,Card
INV-20260406-0030,2026-04-06 22:50,More Supermarket,Delhi,Banana 1 Dozen,1,316.85,316.85,7425.81,0.0,185.65,185.65,7797.11,Cash
INV-20260406-0030,2026-04-06 22:50,More Supermarket,Delhi,Colgate Toothpaste,2,183.42,366.84,7425.81,0.0,185.65,185.65,7797.11,UPI
INV-20260406-0030,2026-04-06 22:50,More Supermarket,Delhi,India Gate Basmati Rice 5kg,3,682.77,2048.31,7425.81,0.0,185.65,185.65,7797.11,Card
INV-20260406-0030,2026-04-06 22:50,More Supermarket,Delhi,Good Day Cookies,3,476.17,1428.51,7425.81,0.0,185.65,185.65,7797.11,UPI
INV-20260406-0030,2026-04-06 22:50,More Supermarket,Delhi,Tomato 1kg,3,360.88,1082.64,7425.81,0.0,185.65,185.65,7797.11,UPI
INV-20260511-0031,2026-05-11 16:21,DMart Hypermarket,Noida,Apple 1kg,2,684.59,1369.18,8913.84,445.69,211.7,211.7,8891.55,Cash
INV-20260511-0031,2026-05-11 16:21,DMart Hypermarket,Noida,India Gate Basmati Rice 5kg,3,180.92,542.76,8913.84,445.69,211.7,211.7,8891.55,UPI
INV-20260511-0031,2026-05-11 16:21,DMart Hypermarket,Noida,Potato 2kg,2,81.91,163.82,8913.84,445.69,211.7,211.7,8891.55,UPI
INV-20260511-0031,2026-05-11 16:21,DMart Hypermarket,Noida,Tata Salt 1kg,2,224.98,449.96,8913.84,445.69,211.7,211.7,8891.55,Cash
INV-20260511-0031,2026-05-11 16:21,DMart Hypermarket,Noida,Aashirvaad Atta 5kg,3,711.21,2133.63,8913.84,445.69,211.7,211.7,8891.55,UPI
INV-20260511-0031,2026-05-11 16:21,DMart Hypermarket,Noida,Clinic Plus Shampoo,2,618.26,1236.52,8913.84,445.69,211.7,211.7,8891.55,UPI
INV-20260511-0031,2026-05-11 16:21,DMart Hypermarket,Noida,Toor Dal 1kg,3,424.54,1273.62,8913.84,445.69,211.7,211.7,8891.55,UPI
INV-20260511-0031,2026-05-11 16:21,DMart Hypermarket,Noida,Tata Tea Premium 500g,1,124.7,124.7,8913.84,445.69,211.7,211.7,8891.55,Cash
INV-20260511-0031,2026-05-11 16:21,DMart Hypermarket,Noida,Moong Dal 1kg,3,154.19,462.57,8913.84,445.69,211.7,211.7,8891.55,Cash
INV-20260511-0031,2026-05-11 16:21,DMart Hypermarket,Noida,Horlicks 500g,1,245.6,245.6,8913.84,445.69,211.7,211.7,8891.55,Cash
INV-20260511-0031,2026-05-11 16:21,DMart Hypermarket,Noida,Good Day Cookies,2,84.85,169.7,8913.84,445.69,211.7,211.7,8891.55,Card
INV-20260511-0031,2026-05-11 16:21,DMart Hypermarket,Noida,Onion 1kg,3,247.26,741.78,8913.84,445.69,211.7,211.7,8891.55,Cash
INV-20260404-0032,2026-04-04 22:55,DMart Hypermarket,Noida,Lux Soap,1,381.01,381.01,6603.82,0.0,165.1,165.1,6934.02,Card
INV-20260404-0032,2026-04-04 22:55,DMart Hypermarket,Noida,Maggi Noodles Pack,2,335.47,670.94,6603.82,0.0,165.1,165.1,6934.02,Card
INV-20260404-0032,2026-04-04 22:55,DMart Hypermarket,Noida,Tata Tea Premium 500g,1,487.56,487.56,6603.82,0.0,165.1,165.1,6934.02,Cash
INV-20260404-0032,2026-04-04 22:55,DMart Hypermarket,Noida,Eggs (12 pcs),1,103.04,103.04,6603.82,0.0,165.1,165.1,6934.02,Cash
INV-20260404-0032,2026-04-04 22:55,DMart Hypermarket,Noida,Sugar 1kg,3,183.77,551.31,6603.82,0.0,165.1,165.1,6934.02,Cash
INV-20260404-0032,2026-04-04 22:55,DMart Hypermarket,Noida,Colgate Toothpaste,2,644.24,1288.48,6603.82,0.0,165.1,165.1,6934.02,Card
INV-20260404-0032,2026-04-04 22:55,DMart Hypermarket,Noida,Horlicks 500g,3,662.23,1986.69,6603.82,0.0,165.1,165.1,6934.02,Cash
INV-20260404-0032,2026-04-04 22:55,DMart Hypermarket,Noida,Wheel Detergent,3,170.16,510.48,6603.82,0.0,165.1,165.1,6934.02,UPI
INV-20260404-0032,2026-04-04 22:55,DMart Hypermarket,Noida,Potato 2kg,1,624.31,624.31,6603.82,0.0,165.1,165.1,6934.02,Cash
INV-20260217-0033,2026-02-17 22:55,Spencer's,Lucknow,India Gate Basmati Rice 5kg,2,172.59,345.18,10653.83,532.69,253.03,253.03,10627.2,Cash
INV-20260217-0033,2026-02-17 22:55,Spencer's,Lucknow,Onion 1kg,1,559.26,559.26,10653.83,532.69,253.03,253.03,10627.2,Cash
INV-20260217-0033,2026-02-17 22:55,Spencer's,Lucknow,Maggi Noodles Pack,1,527.08,527.08,10653.83,532.69,253.03,253.03,10627.2,Cash
INV-20260217-0033,2026-02-17 22:55,Spencer's,Lucknow,Colgate Toothpaste,2,421.15,842.3,10653.83,532.69,253.03,253.03,10627.2,UPI
INV-20260217-0033,2026-02-17 22:55,Spencer's,Lucknow,Aashirvaad Atta 5kg,3,515.25,1545.75,10653.83,532.69,253.03,253.03,10627.2,Cash
INV-20260217-0033,2026-02-17 22:55,Spencer's,Lucknow,Eggs (12 pcs),1,183.91,183.91,10653.83,532.69,253.03,253.03,10627.2,UPI
INV-20260217-0033,2026-02-17 22:55,Spencer's,Lucknow,Tata Tea Premium 500g,2,746.53,1493.06,10653.83,532.69,253.03,253.03,10627.2,Cash
INV-20260217-0033,2026-02-17 22:55,Spencer's,Lucknow,Banana 1 Dozen,2,134.83,269.66,10653.83,532.69,253.03,253.03,10627.2,Card
INV-20260217-0033,2026-02-17 22:55,Spencer's,Lucknow,Clinic Plus Shampoo,3,179.37,538.11,10653.83,532.69,253.03,253.03,10627.2,UPI
INV-20260217-0033,2026-02-17 22:55,Spencer's,Lucknow,Apple 1kg,3,701.03,2103.09,10653.83,532.69,253.03,253.03,10627.2,Card
INV-20260217-0033,2026-02-17 22:55,Spencer's,Lucknow,Tomato 1kg,1,619.14,619.14,10653.83,532.69,253.03,253.03,10627.2,Card
INV-20260217-0033,2026-02-17 22:55,Spencer's,Lucknow,Good Day Cookies,3,542.43,1627.29,10653.83,532.69,253.03,253.03,10627.2,UPI
INV-20260226-0034,2026-02-26 05:38,More Supermarket,Delhi,Fortune Sunflower Oil 1L,2,165.35,330.7,5714.57,0.0,142.86,142.86,6000.29,UPI
INV-20260226-0034,2026-02-26 05:38,More Supermarket,Delhi,Onion 1kg,1,557.09,557.09,5714.57,0.0,142.86,142.86,6000.29,Card
INV-20260226-0034,2026-02-26 05:38,More Supermarket,Delhi,Potato 2kg,3,360.49,1081.47,5714.57,0.0,142.86,142.86,6000.29,Cash
INV-20260226-0034,2026-02-26 05:38,More Supermarket,Delhi,Tata Tea Premium 500g,1,430.46,430.46,5714.57,0.0,142.86,142.86,6000.29,UPI
INV-20260226-0034,2026-02-26 05:38,More Supermarket,Delhi,Sugar 1kg,3,444.11,1332.33,5714.57,0.0,142.86,142.86,6000.29,Card
INV-20260226-0034,2026-02-26 05:38,More Supermarket,Delhi,Maggi Noodles Pack,3,660.84,1982.52,5714.57,0.0,142.86,142.86,6000.29,Cash
INV-20260401-0035,2026-04-01 23:37,More Supermarket,Delhi,Tata Salt 1kg,3,314.95,944.85,5808.85,116.18,142.32,142.32,5977.31,UPI
INV-20260401-0035,2026-04-01 23:37,More Supermarket,Delhi,Moong Dal 1kg,1,523.2,523.2,5808.85,116.18,142.32,142.32,5977.31,Cash
INV-20260401-0035,2026-04-01 23:37,More Supermarket,Delhi,Amul Gold Milk 1L,3,482.15,1446.45,5808.85,116.18,142.32,142.32,5977.31,UPI
INV-20260401-0035,2026-04-01 23:37,More Supermarket,Delhi,Sugar 1kg,2,474.94,949.88,5808.85,116.18,142.32,142.32,5977.31,Cash
INV-20260401-0035,2026-04-01 23:37,More Supermarket,Delhi,Tata Tea Premium 500g,1,90.48,90.48,5808.85,116.18,142.32,142.32,5977.31,Card
INV-20260401-0035,2026-04-01 23:37,More Supermarket,Delhi,Potato 2kg,3,97.44,292.32,5808.85,116.18,142.32,142.32,5977.31,Cash
INV-20260401-0035,2026-04-01 23:37,More Supermarket,Delhi,Good Day Cookies,2,57.01,114.02,5808.85,116.18,142.32,142.32,5977.31,UPI
INV-20260401-0035,2026-04-01 23:37,More Supermarket,Delhi,Bru Coffee 200g,2,365.61,731.22,5808.85,116.18,142.32,142.32,5977.31,Cash
INV-20260401-0035,2026-04-01 23:37,More Supermarket,Delhi,Britannia Bread,3,180.65,541.95,5808.85,116.18,142.32,142.32,5977.31,Card
INV-20260401-0035,2026-04-01 23:37,More Supermarket,Delhi,Aashirvaad Atta 5kg,2,87.24,174.48,5808.85,116.18,142.32,142.32,5977.31,Card
INV-20260212-0036,2026-02-12 07:13,Easyday Club,Aligarh,India Gate Basmati Rice 5kg,2,402.52,805.04,10436.15,521.81,247.86,247.86,10410.06,Cash
INV-20260212-0036,2026-02-12 07:13,Easyday Club,Aligarh,Tata Tea Premium 500g,1,446.68,446.68,10436.15,521.81,247.86,247.86,10410.06,Card
INV-20260212-0036,2026-02-12 07:13,Easyday Club,Aligarh,Britannia Bread,2,237.81,475.62,10436.15,521.81,247.86,247.86,10410.06,Card
INV-20260212-0036,2026-02-12 07:13,Easyday Club,Aligarh,Moong Dal 1kg,1,31.43,31.43,10436.15,521.81,247.86,247.86,10410.06,UPI
INV-20260212-0036,2026-02-12 07:13,Easyday Club,Aligarh,Aashirvaad Atta 5kg,2,489.21,978.42,10436.15,521.81,247.86,247.86,10410.06,Cash
INV-20260212-0036,2026-02-12 07:13,Easyday Club,Aligarh,Clinic Plus Shampoo,3,410.67,1232.01,10436.15,521.81,247.86,247.86,10410.06,UPI
INV-20260212-0036,2026-02-12 07:13,Easyday Club,Aligarh,Lux Soap,3,674.74,2024.22,10436.15,521.81,247.86,247.86,10410.06,Card
INV-20260212-0036,2026-02-12 07:13,Easyday Club,Aligarh,Potato 2kg,2,558.96,1117.92,10436.15,521.81,247.86,247.86,10410.06,Card
INV-20260212-0036,2026-02-12 07:13,Easyday Club,Aligarh,Sugar 1kg,3,42.32,126.96,10436.15,521.81,247.86,247.86,10410.06,Card
INV-20260212-0036,2026-02-12 07:13,Easyday Club,Aligarh,Apple 1kg,2,707.1,1414.2,10436.15,521.81,247.86,247.86,10410.06,Card
INV-20260212-0036,2026-02-12 07:13,Easyday Club,Aligarh,Bru Coffee 200g,3,307.97,923.91,10436.15,521.81,247.86,247.86,10410.06,UPI
INV-20260212-0036,2026-02-12 07:13,Easyday Club,Aligarh,Toor Dal 1kg,3,286.58,859.74,10436.15,521.81,247.86,247.86,10410.06,Cash
INV-20260424-0037,2026-04-24 22:13,More Supermarket,Delhi,Maggi Noodles Pack,2,349.78,699.56,7810.66,156.21,191.36,191.36,8037.17,Card
INV-20260424-0037,2026-04-24 22:13,More Supermarket,Delhi,Lux Soap,3,18.94,56.82,7810.66,156.21,191.36,191.36,8037.17,Card
INV-20260424-0037,2026-04-24 22:13,More Supermarket,Delhi,Amul Gold Milk 1L,2,74.48,148.96,7810.66,156.21,191.36,191.36,8037.17,UPI
INV-20260424-0037,2026-04-24 22:13,More Supermarket,Delhi,Bru Coffee 200g,2,146.75,293.5,7810.66,156.21,191.36,191.36,8037.17,Cash
INV-20260424-0037,2026-04-24 22:13,More Supermarket,Delhi,Sugar 1kg,1,422.86,422.86,7810.66,156.21,191.36,191.36,8037.17,UPI
INV-20260424-0037,2026-04-24 22:13,More Supermarket,Delhi,Potato 2kg,2,483.73,967.46,7810.66,156.21,191.36,191.36,8037.17,Card
INV-20260424-0037,2026-04-24 22:13,More Supermarket,Delhi,Parle-G Biscuits,1,43.13,43.13,7810.66,156.21,191.36,191.36,8037.17,Card
INV-20260424-0037,2026-04-24 22:13,More Supermarket,Delhi,Wheel Detergent,3,658.5,1975.5,7810.66,156.21,191.36,191.36,8037.17,Cash
INV-20260424-0037,2026-04-24 22:13,More Supermarket,Delhi,Clinic Plus Shampoo,1,693.49,693.49,7810.66,156.21,191.36,191.36,8037.17,Card
INV-20260424-0037,2026-04-24 22:13,More Supermarket,Delhi,Colgate Toothpaste,2,597.41,1194.82,7810.66,156.21,191.36,191.36,8037.17,UPI
INV-20260424-0037,2026-04-24 22:13,More Supermarket,Delhi,Britannia Bread,1,421.22,421.22,7810.66,156.21,191.36,191.36,8037.17,Card
INV-20260424-0037,2026-04-24 22:13,More Supermarket,Delhi,Aashirvaad Atta 5kg,3,297.78,893.34,7810.66,156.21,191.36,191.36,8037.17,Cash
INV-20260509-0038,2026-05-09 04:20,Spencer's,Lucknow,Sugar 1kg,1,669.19,669.19,6829.12,0.0,170.73,170.73,7170.58,Card
INV-20260509-0038,2026-05-09 04:20,Spencer's,Lucknow,Wheel Detergent,1,91.34,91.34,6829.12,0.0,170.73,170.73,7170.58,Cash
INV-20260509-0038,2026-05-09 04:20,Spencer's,Lucknow,Clinic Plus Shampoo,1,148.25,148.25,6829.12,0.0,170.73,170.73,7170.58,Cash
INV-20260509-0038,2026-05-09 04:20,Spencer's,Lucknow,Tata Tea Premium 500g,3,130.56,391.68,6829.12,0.0,170.73,170.73,7170.58,Cash
INV-20260509-0038,2026-05-09 04:20,Spencer's,Lucknow,Toor Dal 1kg,2,462.09,924.18,6829.12,0.0,170.73,170.73,7170.58,Card
INV-20260509-0038,2026-05-09 04:20,Spencer's,Lucknow,Moong Dal 1kg,3,143.75,431.25,6829.12,0.0,170.73,170.73,7170.58,Card
INV-20260509-0038,2026-05-09 04:20,Spencer's,Lucknow,Bru Coffee 200g,3,665.46,1996.38,6829.12,0.0,170.73,170.73,7170.58,Cash
INV-20260509-0038,2026-05-09 04:20,Spencer's,Lucknow,Good Day Cookies,2,421.75,843.5,6829.12,0.0,170.73,170.73,7170.58,UPI
INV-20260509-0038,2026-05-09 04:20,Spencer's,Lucknow,Banana 1 Dozen,3,63.69,191.07,6829.12,0.0,170.73,170.73,7170.58,Cash
INV-20260509-0038,2026-05-09 04:20,Spencer's,Lucknow,Horlicks 500g,3,380.76,1142.28,6829.12,0.0,170.73,170.73,7170.58,Cash
INV-20260304-0039,2026-03-04 17:07,Reliance Smart Bazaar,Ghaziabad,Amul Gold Milk 1L,3,112.93,338.79,7493.49,374.67,177.97,177.97,7474.76,Cash
INV-20260304-0039,2026-03-04 17:07,Reliance Smart Bazaar,Ghaziabad,Tata Tea Premium 500g,2,706.31,1412.62,7493.49,374.67,177.97,177.97,7474.76,Card
INV-20260304-0039,2026-03-04 17:07,Reliance Smart Bazaar,Ghaziabad,Potato 2kg,1,491.71,491.71,7493.49,374.67,177.97,177.97,7474.76,UPI
INV-20260304-0039,2026-03-04 17:07,Reliance Smart Bazaar,Ghaziabad,Wheel Detergent,3,158.96,476.88,7493.49,374.67,177.97,177.97,7474.76,Cash
INV-20260304-0039,2026-03-04 17:07,Reliance Smart Bazaar,Ghaziabad,Moong Dal 1kg,3,581.4,1744.2,7493.49,374.67,177.97,177.97,7474.76,Cash
INV-20260304-0039,2026-03-04 17:07,Reliance Smart Bazaar,Ghaziabad,Britannia Bread,1,250.42,250.42,7493.49,374.67,177.97,177.97,7474.76,Cash
INV-20260304-0039,2026-03-04 17:07,Reliance Smart Bazaar,Ghaziabad,Tomato 1kg,1,637.29,637.29,7493.49,374.67,177.97,177.97,7474.76,UPI
INV-20260304-0039,2026-03-04 17:07,Reliance Smart Bazaar,Ghaziabad,Colgate Toothpaste,3,713.86,2141.58,7493.49,374.67,177.97,177.97,7474.76,Cash
INV-20260122-0040,2026-01-22 23:57,DMart Hypermarket,Noida,Banana 1 Dozen,2,85.57,171.14,10229.94,204.6,250.63,250.63,10526.6,UPI
INV-20260122-0040,2026-01-22 23:57,DMart Hypermarket,Noida,Toor Dal 1kg,3,490.3,1470.9,10229.94,204.6,250.63,250.63,10526.6,UPI
INV-20260122-0040,2026-01-22 23:57,DMart Hypermarket,Noida,Tomato 1kg,2,488.77,977.54,10229.94,204.6,250.63,250.63,10526.6,Cash
INV-20260122-0040,2026-01-22 23:57,DMart Hypermarket,Noida,Onion 1kg,2,578.21,1156.42,10229.94,204.6,250.63,250.63,10526.6,UPI
INV-20260122-0040,2026-01-22 23:57,DMart Hypermarket,Noida,Maggi Noodles Pack,2,566.9,1133.8,10229.94,204.6,250.63,250.63,10526.6,Card
INV-20260122-0040,2026-01-22 23:57,DMart Hypermarket,Noida,Britannia Bread,3,279.65,838.95,10229.94,204.6,250.63,250.63,10526.6,Cash
INV-20260122-0040,2026-01-22 23:57,DMart Hypermarket,Noida,Tata Salt 1kg,2,671.62,1343.24,10229.94,204.6,250.63,250.63,10526.6,Card
INV-20260122-0040,2026-01-22 23:57,DMart Hypermarket,Noida,Moong Dal 1kg,2,482.71,965.42,10229.94,204.6,250.63,250.63,10526.6,Card
INV-20260122-0040,2026-01-22 23:57,DMart Hypermarket,Noida,Surf Excel 1kg,1,79.88,79.88,10229.94,204.6,250.63,250.63,10526.6,Cash
INV-20260122-0040,2026-01-22 23:57,DMart Hypermarket,Noida,Apple 1kg,1,57.72,57.72,10229.94,204.6,250.63,250.63,10526.6,Cash
INV-20260122-0040,2026-01-22 23:57,DMart Hypermarket,Noida,Aashirvaad Atta 5kg,2,604.5,1209.0,10229.94,204.6,250.63,250.63,10526.6,UPI
INV-20260122-0040,2026-01-22 23:57,DMart Hypermarket,Noida,Eggs (12 pcs),3,275.31,825.93,10229.94,204.6,250.63,250.63,10526.6,Cash
INV-20260511-0041,2026-05-11 23:30,DMart Hypermarket,Noida,Aashirvaad Atta 5kg,3,582.4,1747.2,10696.42,534.82,254.04,254.04,10669.68,UPI
INV-20260511-0041,2026-05-11 23:30,DMart Hypermarket,Noida,Tata Tea Premium 500g,1,316.96,316.96,10696.42,534.82,254.04,254.04,10669.68,Card
INV-20260511-0041,2026-05-11 23:30,DMart Hypermarket,Noida,Amul Gold Milk 1L,2,226.48,452.96,10696.42,534.82,254.04,254.04,10669.68,Cash
INV-20260511-0041,2026-05-11 23:30,DMart Hypermarket,Noida,Colgate Toothpaste,3,569.1,1707.3,10696.42,534.82,254.04,254.04,10669.68,Card
INV-20260511-0041,2026-05-11 23:30,DMart Hypermarket,Noida,Clinic Plus Shampoo,3,422.37,1267.11,10696.42,534.82,254.04,254.04,10669.68,UPI
INV-20260511-0041,2026-05-11 23:30,DMart Hypermarket,Noida,Sugar 1kg,2,173.73,347.46,10696.42,534.82,254.04,254.04,10669.68,UPI
INV-20260511-0041,2026-05-11 23:30,DMart Hypermarket,Noida,Fortune Sunflower Oil 1L,2,393.52,787.04,10696.42,534.82,254.04,254.04,10669.68,UPI
INV-20260511-0041,2026-05-11 23:30,DMart Hypermarket,Noida,Parle-G Biscuits,2,610.66,1221.32,10696.42,534.82,254.04,254.04,10669.68,Card
INV-20260511-0041,2026-05-11 23:30,DMart Hypermarket,Noida,Eggs (12 pcs),1,230.61,230.61,10696.42,534.82,254.04,254.04,10669.68,Card
INV-20260511-0041,2026-05-11 23:30,DMart Hypermarket,Noida,Banana 1 Dozen,3,744.49,2233.47,10696.42,534.82,254.04,254.04,10669.68,UPI
INV-20260511-0041,2026-05-11 23:30,DMart Hypermarket,Noida,Good Day Cookies,2,92.83,185.66,10696.42,534.82,254.04,254.04,10669.68,Card
INV-20260511-0041,2026-05-11 23:30,DMart Hypermarket,Noida,Horlicks 500g,1,199.33,199.33,10696.42,534.82,254.04,254.04,10669.68,UPI
INV-20260228-0042,2026-02-28 03:22,More Supermarket,Delhi,Onion 1kg,3,122.37,367.11,3713.72,185.69,88.2,88.2,3704.43,Card
INV-20260228-0042,2026-02-28 03:22,More Supermarket,Delhi,Banana 1 Dozen,1,71.43,71.43,3713.72,185.69,88.2,88.2,3704.43,UPI
INV-20260228-0042,2026-02-28 03:22,More Supermarket,Delhi,Moong Dal 1kg,3,305.53,916.59,3713.72,185.69,88.2,88.2,3704.43,Cash
INV-20260228-0042,2026-02-28 03:22,More Supermarket,Delhi,Lux Soap,1,490.51,490.51,3713.72,185.69,88.2,88.2,3704.43,Cash
INV-20260228-0042,2026-02-28 03:22,More Supermarket,Delhi,India Gate Basmati Rice 5kg,2,727.76,1455.52,3713.72,185.69,88.2,88.2,3704.43,UPI
INV-20260228-0042,2026-02-28 03:22,More Supermarket,Delhi,Sugar 1kg,1,412.56,412.56,3713.72,185.69,88.2,88.2,3704.43,Card
INV-20260414-0043,2026-04-14 17:57,Reliance Smart Bazaar,Ghaziabad,Surf Excel 1kg,1,600.44,600.44,5039.76,0.0,125.99,125.99,5291.74,Cash
INV-20260414-0043,2026-04-14 17:57,Reliance Smart Bazaar,Ghaziabad,Potato 2kg,2,318.98,637.96,5039.76,0.0,125.99,125.99,5291.74,Card
INV-20260414-0043,2026-04-14 17:57,Reliance Smart Bazaar,Ghaziabad,Moong Dal 1kg,1,43.98,43.98,5039.76,0.0,125.99,125.99,5291.74,Card
INV-20260414-0043,2026-04-14 17:57,Reliance Smart Bazaar,Ghaziabad,Tomato 1kg,3,187.31,561.93,5039.76,0.0,125.99,125.99,5291.74,Cash
INV-20260414-0043,2026-04-14 17:57,Reliance Smart Bazaar,Ghaziabad,Amul Gold Milk 1L,2,298.25,596.5,5039.76,0.0,125.99,125.99,5291.74,UPI
INV-20260414-0043,2026-04-14 17:57,Reliance Smart Bazaar,Ghaziabad,Toor Dal 1kg,1,402.26,402.26,5039.76,0.0,125.99,125.99,5291.74,Card
INV-20260414-0043,2026-04-14 17:57,Reliance Smart Bazaar,Ghaziabad,Aashirvaad Atta 5kg,2,247.59,495.18,5039.76,0.0,125.99,125.99,5291.74,UPI
INV-20260414-0043,2026-04-14 17:57,Reliance Smart Bazaar,Ghaziabad,Banana 1 Dozen,3,567.17,1701.51,5039.76,0.0,125.99,125.99,5291.74,Card
INV-20260410-0044,2026-04-10 20:53,Reliance Smart Bazaar,Ghaziabad,Banana 1 Dozen,2,693.8,1387.6,8654.81,0.0,216.37,216.37,9087.55,Cash
INV-20260410-0044,2026-04-10 20:53,Reliance Smart Bazaar,Ghaziabad,Bru Coffee 200g,1,313.13,313.13,8654.81,0.0,216.37,216.37,9087.55,Cash
INV-20260410-0044,2026-04-10 20:53,Reliance Smart Bazaar,Ghaziabad,Moong Dal 1kg,1,30.11,30.11,8654.81,0.0,216.37,216.37,9087.55,Cash
INV-20260410-0044,2026-04-10 20:53,Reliance Smart Bazaar,Ghaziabad,Onion 1kg,2,75.38,150.76,8654.81,0.0,216.37,216.37,9087.55,UPI
INV-20260410-0044,2026-04-10 20:53,Reliance Smart Bazaar,Ghaziabad,Surf Excel 1kg,2,742.98,1485.96,8654.81,0.0,216.37,216.37,9087.55,UPI
INV-20260410-0044,2026-04-10 20:53,Reliance Smart Bazaar,Ghaziabad,India Gate Basmati Rice 5kg,3,331.45,994.35,8654.81,0.0,216.37,216.37,9087.55,Cash
INV-20260410-0044,2026-04-10 20:53,Reliance Smart Bazaar,Ghaziabad,Wheel Detergent,2,204.37,408.74,8654.81,0.0,216.37,216.37,9087.55,Card
INV-20260410-0044,2026-04-10 20:53,Reliance Smart Bazaar,Ghaziabad,Horlicks 500g,3,743.92,2231.76,8654.81,0.0,216.37,216.37,9087.55,UPI
INV-20260410-0044,2026-04-10 20:53,Reliance Smart Bazaar,Ghaziabad,Amul Gold Milk 1L,3,550.8,1652.4,8654.81,0.0,216.37,216.37,9087.55,Cash
INV-20260324-0045,2026-03-24 19:03,Easyday Club,Aligarh,Good Day Cookies,2,89.74,179.48,5602.1,280.11,133.05,133.05,5588.09,UPI
INV-20260324-0045,2026-03-24 19:03,Easyday Club,Aligarh,Bru Coffee 200g,3,664.91,1994.73,5602.1,280.11,133.05,133.05,5588.09,Cash
INV-20260324-0045,2026-03-24 19:03,Easyday Club,Aligarh,Sugar 1kg,3,120.88,362.64,5602.1,280.11,133.05,133.05,5588.09,Card
INV-20260324-0045,2026-03-24 19:03,Easyday Club,Aligarh,Maggi Noodles Pack,3,149.85,449.55,5602.1,280.11,133.05,133.05,5588.09,Cash
INV-20260324-0045,2026-03-24 19:03,Easyday Club,Aligarh,Onion 1kg,1,175.77,175.77,5602.1,280.11,133.05,133.05,5588.09,Card
INV-20260324-0045,2026-03-24 19:03,Easyday Club,Aligarh,India Gate Basmati Rice 5kg,1,655.47,655.47,5602.1,280.11,133.05,133.05,5588.09,UPI
INV-20260324-0045,2026-03-24 19:03,Easyday Club,Aligarh,Parle-G Biscuits,3,319.87,959.61,5602.1,280.11,133.05,133.05,5588.09,Cash
INV-20260324-0045,2026-03-24 19:03,Easyday Club,Aligarh,Moong Dal 1kg,1,384.51,384.51,5602.1,280.11,133.05,133.05,5588.09,Card
INV-20260324-0045,2026-03-24 19:03,Easyday Club,Aligarh,Wheel Detergent,2,220.17,440.34,5602.1,280.11,133.05,133.05,5588.09,Cash
INV-20260511-0046,2026-05-11 04:37,Easyday Club,Aligarh,Tata Salt 1kg,1,291.19,291.19,5132.43,256.62,121.9,121.9,5119.61,UPI
INV-20260511-0046,2026-05-11 04:37,Easyday Club,Aligarh,Eggs (12 pcs),2,590.02,1180.04,5132.43,256.62,121.9,121.9,5119.61,Cash
INV-20260511-0046,2026-05-11 04:37,Easyday Club,Aligarh,Tata Tea Premium 500g,3,389.49,1168.47,5132.43,256.62,121.9,121.9,5119.61,Cash
INV-20260511-0046,2026-05-11 04:37,Easyday Club,Aligarh,Parle-G Biscuits,1,480.67,480.67,5132.43,256.62,121.9,121.9,5119.61,Card
INV-20260511-0046,2026-05-11 04:37,Easyday Club,Aligarh,Banana 1 Dozen,2,221.89,443.78,5132.43,256.62,121.9,121.9,5119.61,Card
INV-20260511-0046,2026-05-11 04:37,Easyday Club,Aligarh,Onion 1kg,1,446.36,446.36,5132.43,256.62,121.9,121.9,5119.61,UPI
INV-20260511-0046,2026-05-11 04:37,Easyday Club,Aligarh,Sugar 1kg,2,560.96,1121.92,5132.43,256.62,121.9,121.9,5119.61,UPI
INV-20260523-0047,2026-05-23 18:36,Reliance Smart Bazaar,Ghaziabad,Banana 1 Dozen,3,32.01,96.03,3456.9,172.85,82.1,82.1,3448.25,Cash
INV-20260523-0047,2026-05-23 18:36,Reliance Smart Bazaar,Ghaziabad,Potato 2kg,1,700.72,700.72,3456.9,172.85,82.1,82.1,3448.25,Cash
INV-20260523-0047,2026-05-23 18:36,Reliance Smart Bazaar,Ghaziabad,Tomato 1kg,1,556.18,556.18,3456.9,172.85,82.1,82.1,3448.25,Card
INV-20260523-0047,2026-05-23 18:36,Reliance Smart Bazaar,Ghaziabad,Tata Salt 1kg,3,57.43,172.29,3456.9,172.85,82.1,82.1,3448.25,UPI
INV-20260523-0047,2026-05-23 18:36,Reliance Smart Bazaar,Ghaziabad,Parle-G Biscuits,3,545.52,1636.56,3456.9,172.85,82.1,82.1,3448.25,UPI
INV-20260523-0047,2026-05-23 18:36,Reliance Smart Bazaar,Ghaziabad,Toor Dal 1kg,2,55.65,111.3,3456.9,172.85,82.1,82.1,3448.25,Card
INV-20260523-0047,2026-05-23 18:36,Reliance Smart Bazaar,Ghaziabad,Wheel Detergent,2,91.91,183.82,3456.9,172.85,82.1,82.1,3448.25,Card
INV-20260326-0048,2026-03-26 08:14,Reliance Smart Bazaar,Ghaziabad,Horlicks 500g,1,157.96,157.96,6842.92,342.15,162.52,162.52,6825.81,Cash
INV-20260326-0048,2026-03-26 08:14,Reliance Smart Bazaar,Ghaziabad,Banana 1 Dozen,3,223.04,669.12,6842.92,342.15,162.52,162.52,6825.81,Card
INV-20260326-0048,2026-03-26 08:14,Reliance Smart Bazaar,Ghaziabad,Fortune Sunflower Oil 1L,3,447.83,1343.49,6842.92,342.15,162.52,162.52,6825.81,Card
INV-20260326-0048,2026-03-26 08:14,Reliance Smart Bazaar,Ghaziabad,Britannia Bread,2,565.87,1131.74,6842.92,342.15,162.52,162.52,6825.81,UPI
INV-20260326-0048,2026-03-26 08:14,Reliance Smart Bazaar,Ghaziabad,Tomato 1kg,1,18.34,18.34,6842.92,342.15,162.52,162.52,6825.81,Card
INV-20260326-0048,2026-03-26 08:14,Reliance Smart Bazaar,Ghaziabad,Parle-G Biscuits,1,32.02,32.02,6842.92,342.15,162.52,162.52,6825.81,Cash
INV-20260326-0048,2026-03-26 08:14,Reliance Smart Bazaar,Ghaziabad,Tata Salt 1kg,3,566.03,1698.09,6842.92,342.15,162.52,162.52,6825.81,Card
INV-20260326-0048,2026-03-26 08:14,Reliance Smart Bazaar,Ghaziabad,Tata Tea Premium 500g,2,58.06,116.12,6842.92,342.15,162.52,162.52,6825.81,Card
INV-20260326-0048,2026-03-26 08:14,Reliance Smart Bazaar,Ghaziabad,Potato 2kg,3,529.4,1588.2,6842.92,342.15,162.52,162.52,6825.81,Card
INV-20260326-0048,2026-03-26 08:14,Reliance Smart Bazaar,Ghaziabad,Aashirvaad Atta 5kg,2,43.92,87.84,6842.92,342.15,162.52,162.52,6825.81,UPI
INV-20260524-0049,2026-05-24 14:44,Easyday Club,Aligarh,Onion 1kg,1,211.78,211.78,5876.01,117.52,143.96,143.96,6046.41,Cash
INV-20260524-0049,2026-05-24 14:44,Easyday Club,Aligarh,Parle-G Biscuits,1,371.65,371.65,5876.01,117.52,143.96,143.96,6046.41,Cash
INV-20260524-0049,2026-05-24 14:44,Easyday Club,Aligarh,Potato 2kg,3,58.81,176.43,5876.01,117.52,143.96,143.96,6046.41,Card
INV-20260524-0049,2026-05-24 14:44,Easyday Club,Aligarh,Good Day Cookies,1,725.29,725.29,5876.01,117.52,143.96,143.96,6046.41,UPI
INV-20260524-0049,2026-05-24 14:44,Easyday Club,Aligarh,Fortune Sunflower Oil 1L,3,539.03,1617.09,5876.01,117.52,143.96,143.96,6046.41,Cash
INV-20260524-0049,2026-05-24 14:44,Easyday Club,Aligarh,Colgate Toothpaste,1,568.64,568.64,5876.01,117.52,143.96,143.96,6046.41,UPI
INV-20260524-0049,2026-05-24 14:44,Easyday Club,Aligarh,Tata Tea Premium 500g,3,298.72,896.16,5876.01,117.52,143.96,143.96,6046.41,Cash
INV-20260524-0049,2026-05-24 14:44,Easyday Club,Aligarh,India Gate Basmati Rice 5kg,2,306.01,612.02,5876.01,117.52,143.96,143.96,6046.41,Cash
INV-20260524-0049,2026-05-24 14:44,Easyday Club,Aligarh,Clinic Plus Shampoo,1,529.23,529.23,5876.01,117.52,143.96,143.96,6046.41,Card
INV-20260524-0049,2026-05-24 14:44,Easyday Club,Aligarh,Banana 1 Dozen,2,69.65,139.3,5876.01,117.52,143.96,143.96,6046.41,Cash
INV-20260524-0049,2026-05-24 14:44,Easyday Club,Aligarh,Moong Dal 1kg,1,28.42,28.42,5876.01,117.52,143.96,143.96,6046.41,Cash
INV-20260412-0050,2026-04-12 22:11,Spencer's,Lucknow,Apple 1kg,2,352.0,704.0,9926.76,0.0,248.17,248.17,10423.1,UPI
INV-20260412-0050,2026-04-12 22:11,Spencer's,Lucknow,Britannia Bread,3,497.46,1492.38,9926.76,0.0,248.17,248.17,10423.1,Card
INV-20260412-0050,2026-04-12 22:11,Spencer's,Lucknow,Eggs (12 pcs),1,739.43,739.43,9926.76,0.0,248.17,248.17,10423.1,Card
INV-20260412-0050,2026-04-12 22:11,Spencer's,Lucknow,Amul Gold Milk 1L,2,440.28,880.56,9926.76,0.0,248.17,248.17,10423.1,UPI
INV-20260412-0050,2026-04-12 22:11,Spencer's,Lucknow,Clinic Plus Shampoo,2,467.53,935.06,9926.76,0.0,248.17,248.17,10423.1,Card
INV-20260412-0050,2026-04-12 22:11,Spencer's,Lucknow,Tata Salt 1kg,3,396.23,1188.69,9926.76,0.0,248.17,248.17,10423.1,Cash
INV-20260412-0050,2026-04-12 22:11,Spencer's,Lucknow,Wheel Detergent,2,25.71,51.42,9926.76,0.0,248.17,248.17,10423.1,Cash
INV-20260412-0050,2026-04-12 22:11,Spencer's,Lucknow,Onion 1kg,3,210.76,632.28,9926.76,0.0,248.17,248.17,10423.1,UPI
INV-20260412-0050,2026-04-12 22:11,Spencer's,Lucknow,Potato 2kg,3,673.82,2021.46,9926.76,0.0,248.17,248.17,10423.1,Cash
INV-20260412-0050,2026-04-12 22:11,Spencer's,Lucknow,India Gate Basmati Rice 5kg,3,427.16,1281.48,9926.76,0.0,248.17,248.17,10423.1,UPI
INV-20260111-0051,2026-01-11 07:27,Reliance Smart Bazaar,Ghaziabad,India Gate Basmati Rice 5kg,2,585.14,1170.28,9080.86,181.62,222.48,222.48,9344.2,UPI
INV-20260111-0051,2026-01-11 07:27,Reliance Smart Bazaar,Ghaziabad,Good Day Cookies,2,175.96,351.92,9080.86,181.62,222.48,222.48,9344.2,Card
INV-20260111-0051,2026-01-11 07:27,Reliance Smart Bazaar,Ghaziabad,Fortune Sunflower Oil 1L,1,643.11,643.11,9080.86,181.62,222.48,222.48,9344.2,Cash
INV-20260111-0051,2026-01-11 07:27,Reliance Smart Bazaar,Ghaziabad,Clinic Plus Shampoo,2,312.91,625.82,9080.86,181.62,222.48,222.48,9344.2,UPI
INV-20260111-0051,2026-01-11 07:27,Reliance Smart Bazaar,Ghaziabad,Moong Dal 1kg,2,745.02,1490.04,9080.86,181.62,222.48,222.48,9344.2,UPI
INV-20260111-0051,2026-01-11 07:27,Reliance Smart Bazaar,Ghaziabad,Horlicks 500g,1,393.27,393.27,9080.86,181.62,222.48,222.48,9344.2,UPI
INV-20260111-0051,2026-01-11 07:27,Reliance Smart Bazaar,Ghaziabad,Wheel Detergent,3,211.66,634.98,9080.86,181.62,222.48,222.48,9344.2,Card
INV-20260111-0051,2026-01-11 07:27,Reliance Smart Bazaar,Ghaziabad,Colgate Toothpaste,3,398.08,1194.24,9080.86,181.62,222.48,222.48,9344.2,UPI
INV-20260111-0051,2026-01-11 07:27,Reliance Smart Bazaar,Ghaziabad,Surf Excel 1kg,1,744.78,744.78,9080.86,181.62,222.48,222.48,9344.2,Card
INV-20260111-0051,2026-01-11 07:27,Reliance Smart Bazaar,Ghaziabad,Maggi Noodles Pack,3,536.46,1609.38,9080.86,181.62,222.48,222.48,9344.2,UPI
INV-20260111-0051,2026-01-11 07:27,Reliance Smart Bazaar,Ghaziabad,Amul Gold Milk 1L,2,111.52,223.04,9080.86,181.62,222.48,222.48,9344.2,UPI
INV-20260217-0052,2026-02-17 04:46,Easyday Club,Aligarh,Lux Soap,1,338.3,338.3,5709.19,285.46,135.59,135.59,5694.91,Card
INV-20260217-0052,2026-02-17 04:46,Easyday Club,Aligarh,Eggs (12 pcs),1,717.05,717.05,5709.19,285.46,135.59,135.59,5694.91,UPI
INV-20260217-0052,2026-02-17 04:46,Easyday Club,Aligarh,Britannia Bread,3,127.37,382.11,5709.19,285.46,135.59,135.59,5694.91,UPI
INV-20260217-0052,2026-02-17 04:46,Easyday Club,Aligarh,Surf Excel 1kg,3,746.49,2239.47,5709.19,285.46,135.59,135.59,5694.91,Cash
INV-20260217-0052,2026-02-17 04:46,Easyday Club,Aligarh,Clinic Plus Shampoo,1,44.95,44.95,5709.19,285.46,135.59,135.59,5694.91,Card
INV-20260217-0052,2026-02-17 04:46,Easyday Club,Aligarh,Horlicks 500g,3,315.25,945.75,5709.19,285.46,135.59,135.59,5694.91,Cash
INV-20260217-0052,2026-02-17 04:46,Easyday Club,Aligarh,Bru Coffee 200g,2,520.78,1041.56,5709.19,285.46,135.59,135.59,5694.91,Card
INV-20260519-0053,2026-05-19 18:14,More Supermarket,Delhi,Colgate Toothpaste,1,108.22,108.22,9818.64,196.37,240.56,240.56,10103.39,Cash
INV-20260519-0053,2026-05-19 18:14,More Supermarket,Delhi,Tata Tea Premium 500g,1,350.61,350.61,9818.64,196.37,240.56,240.56,10103.39,UPI
INV-20260519-0053,2026-05-19 18:14,More Supermarket,Delhi,Moong Dal 1kg,3,566.03,1698.09,9818.64,196.37,240.56,240.56,10103.39,Cash
INV-20260519-0053,2026-05-19 18:14,More Supermarket,Delhi,Lux Soap,3,405.34,1216.02,9818.64,196.37,240.56,240.56,10103.39,Cash
INV-20260519-0053,2026-05-19 18:14,More Supermarket,Delhi,Amul Gold Milk 1L,3,580.71,1742.13,9818.64,196.37,240.56,240.56,10103.39,UPI
INV-20260519-0053,2026-05-19 18:14,More Supermarket,Delhi,Surf Excel 1kg,2,730.92,1461.84,9818.64,196.37,240.56,240.56,10103.39,Cash
INV-20260519-0053,2026-05-19 18:14,More Supermarket,Delhi,India Gate Basmati Rice 5kg,3,246.42,739.26,9818.64,196.37,240.56,240.56,10103.39,Cash
INV-20260519-0053,2026-05-19 18:14,More Supermarket,Delhi,Banana 1 Dozen,2,35.18,70.36,9818.64,196.37,240.56,240.56,10103.39,UPI
INV-20260519-0053,2026-05-19 18:14,More Supermarket,Delhi,Potato 2kg,1,614.01,614.01,9818.64,196.37,240.56,240.56,10103.39,UPI
INV-20260519-0053,2026-05-19 18:14,More Supermarket,Delhi,Tata Salt 1kg,2,670.01,1340.02,9818.64,196.37,240.56,240.56,10103.39,Card
INV-20260519-0053,2026-05-19 18:14,More Supermarket,Delhi,Apple 1kg,2,239.04,478.08,9818.64,196.37,240.56,240.56,10103.39,Cash
INV-20260102-0054,2026-01-02 09:15,DMart Hypermarket,Noida,Horlicks 500g,2,143.62,287.24,6931.72,346.59,164.63,164.63,6914.39,UPI
INV-20260102-0054,2026-01-02 09:15,DMart Hypermarket,Noida,Onion 1kg,2,451.93,903.86,6931.72,346.59,164.63,164.63,6914.39,UPI
INV-20260102-0054,2026-01-02 09:15,DMart Hypermarket,Noida,Colgate Toothpaste,2,91.76,183.52,6931.72,346.59,164.63,164.63,6914.39,Card
INV-20260102-0054,2026-01-02 09:15,DMart Hypermarket,Noida,India Gate Basmati Rice 5kg,3,253.12,759.36,6931.72,346.59,164.63,164.63,6914.39,UPI
INV-20260102-0054,2026-01-02 09:15,DMart Hypermarket,Noida,Eggs (12 pcs),1,578.44,578.44,6931.72,346.59,164.63,164.63,6914.39,Cash
INV-20260102-0054,2026-01-02 09:15,DMart Hypermarket,Noida,Britannia Bread,3,435.97,1307.91,6931.72,346.59,164.63,164.63,6914.39,UPI
INV-20260102-0054,2026-01-02 09:15,DMart Hypermarket,Noida,Amul Gold Milk 1L,3,247.53,742.59,6931.72,346.59,164.63,164.63,6914.39,Card
INV-20260102-0054,2026-01-02 09:15,DMart Hypermarket,Noida,Toor Dal 1kg,2,418.81,837.62,6931.72,346.59,164.63,164.63,6914.39,UPI
INV-20260102-0054,2026-01-02 09:15,DMart Hypermarket,Noida,Clinic Plus Shampoo,2,403.85,807.7,6931.72,346.59,164.63,164.63,6914.39,UPI
INV-20260102-0054,2026-01-02 09:15,DMart Hypermarket,Noida,Moong Dal 1kg,2,261.74,523.48,6931.72,346.59,164.63,164.63,6914.39,Cash
INV-20260312-0055,2026-03-12 21:51,Reliance Smart Bazaar,Ghaziabad,Sugar 1kg,2,372.2,744.4,9224.57,0.0,230.61,230.61,9685.79,Card
INV-20260312-0055,2026-03-12 21:51,Reliance Smart Bazaar,Ghaziabad,Moong Dal 1kg,1,427.14,427.14,9224.57,0.0,230.61,230.61,9685.79,UPI
INV-20260312-0055,2026-03-12 21:51,Reliance Smart Bazaar,Ghaziabad,Clinic Plus Shampoo,3,586.9,1760.7,9224.57,0.0,230.61,230.61,9685.79,Card
INV-20260312-0055,2026-03-12 21:51,Reliance Smart Bazaar,Ghaziabad,Banana 1 Dozen,2,294.64,589.28,9224.57,0.0,230.61,230.61,9685.79,Cash
INV-20260312-0055,2026-03-12 21:51,Reliance Smart Bazaar,Ghaziabad,Tata Salt 1kg,3,356.08,1068.24,9224.57,0.0,230.61,230.61,9685.79,UPI
INV-20260312-0055,2026-03-12 21:51,Reliance Smart Bazaar,Ghaziabad,Britannia Bread,2,57.46,114.92,9224.57,0.0,230.61,230.61,9685.79,Cash
INV-20260312-0055,2026-03-12 21:51,Reliance Smart Bazaar,Ghaziabad,Wheel Detergent,3,137.25,411.75,9224.57,0.0,230.61,230.61,9685.79,Cash
INV-20260312-0055,2026-03-12 21:51,Reliance Smart Bazaar,Ghaziabad,Tata Tea Premium 500g,2,518.59,1037.18,9224.57,0.0,230.61,230.61,9685.79,Card
INV-20260312-0055,2026-03-12 21:51,Reliance Smart Bazaar,Ghaziabad,Eggs (12 pcs),3,612.6,1837.8,9224.57,0.0,230.61,230.61,9685.79,Cash
INV-20260312-0055,2026-03-12 21:51,Reliance Smart Bazaar,Ghaziabad,Amul Gold Milk 1L,1,327.6,327.6,9224.57,0.0,230.61,230.61,9685.79,UPI
INV-20260312-0055,2026-03-12 21:51,Reliance Smart Bazaar,Ghaziabad,Onion 1kg,2,452.78,905.56,9224.57,0.0,230.61,230.61,9685.79,Card
INV-20260226-0056,2026-02-26 14:58,Reliance Smart Bazaar,Ghaziabad,Lux Soap,1,116.64,116.64,3822.17,0.0,95.55,95.55,4013.27,Card
INV-20260226-0056,2026-02-26 14:58,Reliance Smart Bazaar,Ghaziabad,Onion 1kg,3,594.66,1783.98,3822.17,0.0,95.55,95.55,4013.27,Cash
INV-20260226-0056,2026-02-26 14:58,Reliance Smart Bazaar,Ghaziabad,Toor Dal 1kg,1,575.56,575.56,3822.17,0.0,95.55,95.55,4013.27,Card
INV-20260226-0056,2026-02-26 14:58,Reliance Smart Bazaar,Ghaziabad,Horlicks 500g,3,198.73,596.19,3822.17,0.0,95.55,95.55,4013.27,UPI
INV-20260226-0056,2026-02-26 14:58,Reliance Smart Bazaar,Ghaziabad,Banana 1 Dozen,2,71.47,142.94,3822.17,0.0,95.55,95.55,4013.27,UPI
INV-20260226-0056,2026-02-26 14:58,Reliance Smart Bazaar,Ghaziabad,Eggs (12 pcs),2,303.43,606.86,3822.17,0.0,95.55,95.55,4013.27,Cash
INV-20260316-0057,2026-03-16 11:18,Spencer's,Lucknow,Amul Gold Milk 1L,3,689.45,2068.35,7265.23,145.3,178.0,178.0,7475.93,UPI
INV-20260316-0057,2026-03-16 11:18,Spencer's,Lucknow,Apple 1kg,3,428.41,1285.23,7265.23,145.3,178.0,178.0,7475.93,Card
INV-20260316-0057,2026-03-16 11:18,Spencer's,Lucknow,Toor Dal 1kg,2,233.84,467.68,7265.23,145.3,178.0,178.0,7475.93,Card
INV-20260316-0057,2026-03-16 11:18,Spencer's,Lucknow,Clinic Plus Shampoo,3,206.47,619.41,7265.23,145.3,178.0,178.0,7475.93,Cash
INV-20260316-0057,2026-03-16 11:18,Spencer's,Lucknow,Wheel Detergent,3,81.69,245.07,7265.23,145.3,178.0,178.0,7475.93,Cash
INV-20260316-0057,2026-03-16 11:18,Spencer's,Lucknow,Sugar 1kg,3,516.63,1549.89,7265.23,145.3,178.0,178.0,7475.93,Cash
INV-20260316-0057,2026-03-16 11:18,Spencer's,Lucknow,Aashirvaad Atta 5kg,2,150.33,300.66,7265.23,145.3,178.0,178.0,7475.93,UPI
INV-20260316-0057,2026-03-16 11:18,Spencer's,Lucknow,Fortune Sunflower Oil 1L,1,320.44,320.44,7265.23,145.3,178.0,178.0,7475.93,Cash
INV-20260316-0057,2026-03-16 11:18,Spencer's,Lucknow,Britannia Bread,2,204.25,408.5,7265.23,145.3,178.0,178.0,7475.93,Card
INV-20260606-0058,2026-06-06 20:29,More Supermarket,Delhi,Tata Tea Premium 500g,2,45.66,91.32,5564.41,278.22,132.15,132.15,5550.49,Cash
INV-20260606-0058,2026-06-06 20:29,More Supermarket,Delhi,Parle-G Biscuits,1,159.5,159.5,5564.41,278.22,132.15,132.15,5550.49,Card
INV-20260606-0058,2026-06-06 20:29,More Supermarket,Delhi,Tomato 1kg,3,608.89,1826.67,5564.41,278.22,132.15,132.15,5550.49,Cash
INV-20260606-0058,2026-06-06 20:29,More Supermarket,Delhi,Colgate Toothpaste,3,33.16,99.48,5564.41,278.22,132.15,132.15,5550.49,Card
INV-20260606-0058,2026-06-06 20:29,More Supermarket,Delhi,Bru Coffee 200g,2,460.19,920.38,5564.41,278.22,132.15,132.15,5550.49,Card
INV-20260606-0058,2026-06-06 20:29,More Supermarket,Delhi,Fortune Sunflower Oil 1L,1,193.39,193.39,5564.41,278.22,132.15,132.15,5550.49,Cash
INV-20260606-0058,2026-06-06 20:29,More Supermarket,Delhi,Surf Excel 1kg,3,72.66,217.98,5564.41,278.22,132.15,132.15,5550.49,UPI
INV-20260606-0058,2026-06-06 20:29,More Supermarket,Delhi,Horlicks 500g,3,685.23,2055.69,5564.41,278.22,132.15,132.15,5550.49,Card
INV-20260529-0059,2026-05-29 02:24,More Supermarket,Delhi,Tata Tea Premium 500g,2,520.53,1041.06,7544.06,150.88,184.83,184.83,7762.84,UPI
INV-20260529-0059,2026-05-29 02:24,More Supermarket,Delhi,Colgate Toothpaste,3,429.58,1288.74,7544.06,150.88,184.83,184.83,7762.84,UPI
INV-20260529-0059,2026-05-29 02:24,More Supermarket,Delhi,Aashirvaad Atta 5kg,2,543.63,1087.26,7544.06,150.88,184.83,184.83,7762.84,Card
INV-20260529-0059,2026-05-29 02:24,More Supermarket,Delhi,Fortune Sunflower Oil 1L,2,738.1,1476.2,7544.06,150.88,184.83,184.83,7762.84,UPI
INV-20260529-0059,2026-05-29 02:24,More Supermarket,Delhi,Toor Dal 1kg,3,83.69,251.07,7544.06,150.88,184.83,184.83,7762.84,UPI
INV-20260529-0059,2026-05-29 02:24,More Supermarket,Delhi,Tomato 1kg,3,123.63,370.89,7544.06,150.88,184.83,184.83,7762.84,UPI
INV-20260529-0059,2026-05-29 02:24,More Supermarket,Delhi,Clinic Plus Shampoo,3,660.78,1982.34,7544.06,150.88,184.83,184.83,7762.84,Card
INV-20260529-0059,2026-05-29 02:24,More Supermarket,Delhi,Maggi Noodles Pack,1,46.5,46.5,7544.06,150.88,184.83,184.83,7762.84,Card
INV-20260419-0060,2026-04-19 09:12,DMart Hypermarket,Noida,Parle-G Biscuits,3,240.48,721.44,6760.26,135.21,165.63,165.63,6956.31,UPI
INV-20260419-0060,2026-04-19 09:12,DMart Hypermarket,Noida,Lux Soap,1,183.13,183.13,6760.26,135.21,165.63,165.63,6956.31,UPI
INV-20260419-0060,2026-04-19 09:12,DMart Hypermarket,Noida,Colgate Toothpaste,2,632.1,1264.2,6760.26,135.21,165.63,165.63,6956.31,Cash
INV-20260419-0060,2026-04-19 09:12,DMart Hypermarket,Noida,Horlicks 500g,2,283.17,566.34,6760.26,135.21,165.63,165.63,6956.31,UPI
INV-20260419-0060,2026-04-19 09:12,DMart Hypermarket,Noida,India Gate Basmati Rice 5kg,3,509.93,1529.79,6760.26,135.21,165.63,165.63,6956.31,Cash
INV-20260419-0060,2026-04-19 09:12,DMart Hypermarket,Noida,Toor Dal 1kg,1,458.47,458.47,6760.26,135.21,165.63,165.63,6956.31,Card
INV-20260419-0060,2026-04-19 09:12,DMart Hypermarket,Noida,Surf Excel 1kg,3,272.76,818.28,6760.26,135.21,165.63,165.63,6956.31,Card
INV-20260419-0060,2026-04-19 09:12,DMart Hypermarket,Noida,Potato 2kg,2,289.12,578.24,6760.26,135.21,165.63,165.63,6956.31,Cash
INV-20260419-0060,2026-04-19 09:12,DMart Hypermarket,Noida,Britannia Bread,1,640.37,640.37,6760.26,135.21,165.63,165.63,6956.31,Cash
INV-20260106-0061,2026-01-06 22:22,Spencer's,Lucknow,Toor Dal 1kg,2,671.28,1342.56,4770.67,238.53,113.3,113.3,4758.74,Card
INV-20260106-0061,2026-01-06 22:22,Spencer's,Lucknow,Clinic Plus Shampoo,3,68.69,206.07,4770.67,238.53,113.3,113.3,4758.74,Card
INV-20260106-0061,2026-01-06 22:22,Spencer's,Lucknow,Bru Coffee 200g,1,297.3,297.3,4770.67,238.53,113.3,113.3,4758.74,Cash
INV-20260106-0061,2026-01-06 22:22,Spencer's,Lucknow,Good Day Cookies,3,675.71,2027.13,4770.67,238.53,113.3,113.3,4758.74,Cash
INV-20260106-0061,2026-01-06 22:22,Spencer's,Lucknow,Tata Salt 1kg,1,327.46,327.46,4770.67,238.53,113.3,113.3,4758.74,UPI
INV-20260106-0061,2026-01-06 22:22,Spencer's,Lucknow,Amul Gold Milk 1L,1,34.08,34.08,4770.67,238.53,113.3,113.3,4758.74,Cash
INV-20260106-0061,2026-01-06 22:22,Spencer's,Lucknow,Eggs (12 pcs),3,178.69,536.07,4770.67,238.53,113.3,113.3,4758.74,Cash
INV-20260426-0062,2026-04-26 07:34,DMart Hypermarket,Noida,Horlicks 500g,1,721.06,721.06,11471.01,573.55,272.44,272.44,11442.34,Card
INV-20260426-0062,2026-04-26 07:34,DMart Hypermarket,Noida,Fortune Sunflower Oil 1L,2,499.04,998.08,11471.01,573.55,272.44,272.44,11442.34,Card
INV-20260426-0062,2026-04-26 07:34,DMart Hypermarket,Noida,Bru Coffee 200g,1,437.26,437.26,11471.01,573.55,272.44,272.44,11442.34,Cash
INV-20260426-0062,2026-04-26 07:34,DMart Hypermarket,Noida,Colgate Toothpaste,2,588.67,1177.34,11471.01,573.55,272.44,272.44,11442.34,UPI
INV-20260426-0062,2026-04-26 07:34,DMart Hypermarket,Noida,Good Day Cookies,3,663.57,1990.71,11471.01,573.55,272.44,272.44,11442.34,UPI
INV-20260426-0062,2026-04-26 07:34,DMart Hypermarket,Noida,Banana 1 Dozen,3,370.11,1110.33,11471.01,573.55,272.44,272.44,11442.34,Cash
INV-20260426-0062,2026-04-26 07:34,DMart Hypermarket,Noida,Amul Gold Milk 1L,1,553.57,553.57,11471.01,573.55,272.44,272.44,11442.34,Card
INV-20260426-0062,2026-04-26 07:34,DMart Hypermarket,Noida,Toor Dal 1kg,3,174.6,523.8,11471.01,573.55,272.44,272.44,11442.34,UPI
INV-20260426-0062,2026-04-26 07:34,DMart Hypermarket,Noida,Onion 1kg,3,675.93,2027.79,11471.01,573.55,272.44,272.44,11442.34,Card
INV-20260426-0062,2026-04-26 07:34,DMart Hypermarket,Noida,Clinic Plus Shampoo,3,643.69,1931.07,11471.01,573.55,272.44,272.44,11442.34,Card
INV-20260526-0063,2026-05-26 08:29,Easyday Club,Aligarh,Tata Tea Premium 500g,3,156.6,469.8,5659.77,282.99,134.42,134.42,5645.62,UPI
INV-20260526-0063,2026-05-26 08:29,Easyday Club,Aligarh,Surf Excel 1kg,2,564.42,1128.84,5659.77,282.99,134.42,134.42,5645.62,Cash
INV-20260526-0063,2026-05-26 08:29,Easyday Club,Aligarh,Colgate Toothpaste,3,742.75,2228.25,5659.77,282.99,134.42,134.42,5645.62,Card
INV-20260526-0063,2026-05-26 08:29,Easyday Club,Aligarh,Aashirvaad Atta 5kg,2,72.52,145.04,5659.77,282.99,134.42,134.42,5645.62,UPI
INV-20260526-0063,2026-05-26 08:29,Easyday Club,Aligarh,Britannia Bread,2,641.73,1283.46,5659.77,282.99,134.42,134.42,5645.62,Cash
INV-20260526-0063,2026-05-26 08:29,Easyday Club,Aligarh,Potato 2kg,1,404.38,404.38,5659.77,282.99,134.42,134.42,5645.62,Cash
INV-20260411-0064,2026-04-11 18:22,More Supermarket,Delhi,Banana 1 Dozen,2,73.52,147.04,8030.47,401.52,190.72,190.72,8010.39,UPI
INV-20260411-0064,2026-04-11 18:22,More Supermarket,Delhi,Tata Tea Premium 500g,3,369.91,1109.73,8030.47,401.52,190.72,190.72,8010.39,Card
INV-20260411-0064,2026-04-11 18:22,More Supermarket,Delhi,Wheel Detergent,3,646.18,1938.54,8030.47,401.52,190.72,190.72,8010.39,Cash
INV-20260411-0064,2026-04-11 18:22,More Supermarket,Delhi,Aashirvaad Atta 5kg,1,714.0,714.0,8030.47,401.52,190.72,190.72,8010.39,Card
INV-20260411-0064,2026-04-11 18:22,More Supermarket,Delhi,Potato 2kg,1,732.79,732.79,8030.47,401.52,190.72,190.72,8010.39,UPI
INV-20260411-0064,2026-04-11 18:22,More Supermarket,Delhi,Moong Dal 1kg,2,46.79,93.58,8030.47,401.52,190.72,190.72,8010.39,UPI
INV-20260411-0064,2026-04-11 18:22,More Supermarket,Delhi,Surf Excel 1kg,2,433.3,866.6,8030.47,401.52,190.72,190.72,8010.39,UPI
INV-20260411-0064,2026-04-11 18:22,More Supermarket,Delhi,Lux Soap,1,23.14,23.14,8030.47,401.52,190.72,190.72,8010.39,UPI
INV-20260411-0064,2026-04-11 18:22,More Supermarket,Delhi,Britannia Bread,3,44.19,132.57,8030.47,401.52,190.72,190.72,8010.39,Cash
INV-20260411-0064,2026-04-11 18:22,More Supermarket,Delhi,Sugar 1kg,2,527.09,1054.18,8030.47,401.52,190.72,190.72,8010.39,Cash
INV-20260411-0064,2026-04-11 18:22,More Supermarket,Delhi,Maggi Noodles Pack,2,609.15,1218.3,8030.47,401.52,190.72,190.72,8010.39,Card
INV-20260526-0065,2026-05-26 12:56,DMart Hypermarket,Noida,Tata Tea Premium 500g,2,234.7,469.4,6591.72,131.83,161.5,161.5,6782.89,Card
INV-20260526-0065,2026-05-26 12:56,DMart Hypermarket,Noida,Moong Dal 1kg,1,392.75,392.75,6591.72,131.83,161.5,161.5,6782.89,Cash
INV-20260526-0065,2026-05-26 12:56,DMart Hypermarket,Noida,Horlicks 500g,2,262.87,525.74,6591.72,131.83,161.5,161.5,6782.89,Cash
INV-20260526-0065,2026-05-26 12:56,DMart Hypermarket,Noida,Surf Excel 1kg,2,677.72,1355.44,6591.72,131.83,161.5,161.5,6782.89,UPI
INV-20260526-0065,2026-05-26 12:56,DMart Hypermarket,Noida,Eggs (12 pcs),1,126.59,126.59,6591.72,131.83,161.5,161.5,6782.89,Card
INV-20260526-0065,2026-05-26 12:56,DMart Hypermarket,Noida,Clinic Plus Shampoo,3,379.27,1137.81,6591.72,131.83,161.5,161.5,6782.89,Cash
INV-20260526-0065,2026-05-26 12:56,DMart Hypermarket,Noida,Aashirvaad Atta 5kg,3,353.3,1059.9,6591.72,131.83,161.5,161.5,6782.89,Card
INV-20260526-0065,2026-05-26 12:56,DMart Hypermarket,Noida,Wheel Detergent,2,672.15,1344.3,6591.72,131.83,161.5,161.5,6782.89,Cash
INV-20260526-0065,2026-05-26 12:56,DMart Hypermarket,Noida,Tata Salt 1kg,1,179.79,179.79,6591.72,131.83,161.5,161.5,6782.89,Cash
INV-20260402-0066,2026-04-02 10:13,Easyday Club,Aligarh,Colgate Toothpaste,2,629.7,1259.4,7438.24,0.0,185.96,185.96,7810.16,Cash
INV-20260402-0066,2026-04-02 10:13,Easyday Club,Aligarh,Moong Dal 1kg,3,398.82,1196.46,7438.24,0.0,185.96,185.96,7810.16,Cash
INV-20260402-0066,2026-04-02 10:13,Easyday Club,Aligarh,Wheel Detergent,1,174.96,174.96,7438.24,0.0,185.96,185.96,7810.16,UPI
INV-20260402-0066,2026-04-02 10:13,Easyday Club,Aligarh,Onion 1kg,2,199.56,399.12,7438.24,0.0,185.96,185.96,7810.16,Cash
INV-20260402-0066,2026-04-02 10:13,Easyday Club,Aligarh,Sugar 1kg,2,574.83,1149.66,7438.24,0.0,185.96,185.96,7810.16,UPI
INV-20260402-0066,2026-04-02 10:13,Easyday Club,Aligarh,Toor Dal 1kg,2,741.06,1482.12,7438.24,0.0,185.96,185.96,7810.16,Cash
INV-20260402-0066,2026-04-02 10:13,Easyday Club,Aligarh,Banana 1 Dozen,2,402.67,805.34,7438.24,0.0,185.96,185.96,7810.16,Cash
INV-20260402-0066,2026-04-02 10:13,Easyday Club,Aligarh,Clinic Plus Shampoo,1,450.39,450.39,7438.24,0.0,185.96,185.96,7810.16,Card
INV-20260402-0066,2026-04-02 10:13,Easyday Club,Aligarh,Lux Soap,1,132.68,132.68,7438.24,0.0,185.96,185.96,7810.16,Card
INV-20260402-0066,2026-04-02 10:13,Easyday Club,Aligarh,Aashirvaad Atta 5kg,3,129.37,388.11,7438.24,0.0,185.96,185.96,7810.16,UPI
INV-20260408-0067,2026-04-08 05:59,More Supermarket,Delhi,Onion 1kg,3,193.96,581.88,9390.96,0.0,234.77,234.77,9860.5,Cash
INV-20260408-0067,2026-04-08 05:59,More Supermarket,Delhi,Banana 1 Dozen,2,342.96,685.92,9390.96,0.0,234.77,234.77,9860.5,UPI
INV-20260408-0067,2026-04-08 05:59,More Supermarket,Delhi,Surf Excel 1kg,1,605.81,605.81,9390.96,0.0,234.77,234.77,9860.5,Cash
INV-20260408-0067,2026-04-08 05:59,More Supermarket,Delhi,Fortune Sunflower Oil 1L,3,478.09,1434.27,9390.96,0.0,234.77,234.77,9860.5,Cash
INV-20260408-0067,2026-04-08 05:59,More Supermarket,Delhi,Moong Dal 1kg,2,84.53,169.06,9390.96,0.0,234.77,234.77,9860.5,UPI
INV-20260408-0067,2026-04-08 05:59,More Supermarket,Delhi,Bru Coffee 200g,1,526.78,526.78,9390.96,0.0,234.77,234.77,9860.5,UPI
INV-20260408-0067,2026-04-08 05:59,More Supermarket,Delhi,Colgate Toothpaste,1,625.83,625.83,9390.96,0.0,234.77,234.77,9860.5,UPI
INV-20260408-0067,2026-04-08 05:59,More Supermarket,Delhi,India Gate Basmati Rice 5kg,2,26.7,53.4,9390.96,0.0,234.77,234.77,9860.5,Cash
INV-20260408-0067,2026-04-08 05:59,More Supermarket,Delhi,Lux Soap,2,337.02,674.04,9390.96,0.0,234.77,234.77,9860.5,Card
INV-20260408-0067,2026-04-08 05:59,More Supermarket,Delhi,Tomato 1kg,3,740.16,2220.48,9390.96,0.0,234.77,234.77,9860.5,Card
INV-20260408-0067,2026-04-08 05:59,More Supermarket,Delhi,Toor Dal 1kg,2,578.06,1156.12,9390.96,0.0,234.77,234.77,9860.5,UPI
INV-20260408-0067,2026-04-08 05:59,More Supermarket,Delhi,Britannia Bread,1,657.37,657.37,9390.96,0.0,234.77,234.77,9860.5,Card
INV-20260605-0068,2026-06-05 09:50,Reliance Smart Bazaar,Ghaziabad,Sugar 1kg,1,443.44,443.44,6493.66,0.0,162.34,162.34,6818.34,UPI
INV-20260605-0068,2026-06-05 09:50,Reliance Smart Bazaar,Ghaziabad,Lux Soap,2,20.47,40.94,6493.66,0.0,162.34,162.34,6818.34,Cash
INV-20260605-0068,2026-06-05 09:50,Reliance Smart Bazaar,Ghaziabad,Bru Coffee 200g,3,189.12,567.36,6493.66,0.0,162.34,162.34,6818.34,Card
INV-20260605-0068,2026-06-05 09:50,Reliance Smart Bazaar,Ghaziabad,Horlicks 500g,3,130.5,391.5,6493.66,0.0,162.34,162.34,6818.34,Card
INV-20260605-0068,2026-06-05 09:50,Reliance Smart Bazaar,Ghaziabad,India Gate Basmati Rice 5kg,1,441.81,441.81,6493.66,0.0,162.34,162.34,6818.34,UPI
INV-20260605-0068,2026-06-05 09:50,Reliance Smart Bazaar,Ghaziabad,Toor Dal 1kg,2,623.87,1247.74,6493.66,0.0,162.34,162.34,6818.34,Card
INV-20260605-0068,2026-06-05 09:50,Reliance Smart Bazaar,Ghaziabad,Wheel Detergent,1,486.8,486.8,6493.66,0.0,162.34,162.34,6818.34,Card
INV-20260605-0068,2026-06-05 09:50,Reliance Smart Bazaar,Ghaziabad,Moong Dal 1kg,2,622.91,1245.82,6493.66,0.0,162.34,162.34,6818.34,UPI
INV-20260605-0068,2026-06-05 09:50,Reliance Smart Bazaar,Ghaziabad,Britannia Bread,2,383.91,767.82,6493.66,0.0,162.34,162.34,6818.34,UPI
INV-20260605-0068,2026-06-05 09:50,Reliance Smart Bazaar,Ghaziabad,Potato 2kg,1,713.57,713.57,6493.66,0.0,162.34,162.34,6818.34,UPI
INV-20260605-0068,2026-06-05 09:50,Reliance Smart Bazaar,Ghaziabad,Colgate Toothpaste,2,73.43,146.86,6493.66,0.0,162.34,162.34,6818.34,Card
INV-20260205-0069,2026-02-05 11:31,Easyday Club,Aligarh,Surf Excel 1kg,1,706.63,706.63,9285.38,0.0,232.13,232.13,9749.64,Card
INV-20260205-0069,2026-02-05 11:31,Easyday Club,Aligarh,Banana 1 Dozen,1,92.71,92.71,9285.38,0.0,232.13,232.13,9749.64,Cash
INV-20260205-0069,2026-02-05 11:31,Easyday Club,Aligarh,Tomato 1kg,1,392.96,392.96,9285.38,0.0,232.13,232.13,9749.64,UPI
INV-20260205-0069,2026-02-05 11:31,Easyday Club,Aligarh,Aashirvaad Atta 5kg,2,83.97,167.94,9285.38,0.0,232.13,232.13,9749.64,UPI
INV-20260205-0069,2026-02-05 11:31,Easyday Club,Aligarh,India Gate Basmati Rice 5kg,3,341.38,1024.14,9285.38,0.0,232.13,232.13,9749.64,Cash
INV-20260205-0069,2026-02-05 11:31,Easyday Club,Aligarh,Fortune Sunflower Oil 1L,2,720.91,1441.82,9285.38,0.0,232.13,232.13,9749.64,Cash
INV-20260205-0069,2026-02-05 11:31,Easyday Club,Aligarh,Wheel Detergent,2,683.92,1367.84,9285.38,0.0,232.13,232.13,9749.64,UPI
INV-20260205-0069,2026-02-05 11:31,Easyday Club,Aligarh,Amul Gold Milk 1L,3,536.26,1608.78,9285.38,0.0,232.13,232.13,9749.64,Card
INV-20260205-0069,2026-02-05 11:31,Easyday Club,Aligarh,Sugar 1kg,1,155.98,155.98,9285.38,0.0,232.13,232.13,9749.64,Cash
INV-20260205-0069,2026-02-05 11:31,Easyday Club,Aligarh,Clinic Plus Shampoo,1,629.24,629.24,9285.38,0.0,232.13,232.13,9749.64,UPI
INV-20260205-0069,2026-02-05 11:31,Easyday Club,Aligarh,Tata Tea Premium 500g,2,749.06,1498.12,9285.38,0.0,232.13,232.13,9749.64,Cash
INV-20260205-0069,2026-02-05 11:31,Easyday Club,Aligarh,Lux Soap,2,99.61,199.22,9285.38,0.0,232.13,232.13,9749.64,UPI
INV-20260323-0070,2026-03-23 08:32,More Supermarket,Delhi,Tata Tea Premium 500g,2,469.81,939.62,7238.21,361.91,171.91,171.91,7220.12,Cash
INV-20260323-0070,2026-03-23 08:32,More Supermarket,Delhi,Amul Gold Milk 1L,2,336.47,672.94,7238.21,361.91,171.91,171.91,7220.12,UPI
INV-20260323-0070,2026-03-23 08:32,More Supermarket,Delhi,Colgate Toothpaste,1,254.89,254.89,7238.21,361.91,171.91,171.91,7220.12,Card
INV-20260323-0070,2026-03-23 08:32,More Supermarket,Delhi,Clinic Plus Shampoo,1,472.84,472.84,7238.21,361.91,171.91,171.91,7220.12,UPI
INV-20260323-0070,2026-03-23 08:32,More Supermarket,Delhi,Bru Coffee 200g,3,713.46,2140.38,7238.21,361.91,171.91,171.91,7220.12,Cash
INV-20260323-0070,2026-03-23 08:32,More Supermarket,Delhi,Toor Dal 1kg,2,712.6,1425.2,7238.21,361.91,171.91,171.91,7220.12,UPI
INV-20260323-0070,2026-03-23 08:32,More Supermarket,Delhi,Tomato 1kg,1,620.54,620.54,7238.21,361.91,171.91,171.91,7220.12,Card
INV-20260323-0070,2026-03-23 08:32,More Supermarket,Delhi,Horlicks 500g,2,355.9,711.8,7238.21,361.91,171.91,171.91,7220.12,UPI
INV-20260315-0071,2026-03-15 14:52,Spencer's,Lucknow,Surf Excel 1kg,2,391.07,782.14,7855.03,392.75,186.56,186.56,7835.4,Card
INV-20260315-0071,2026-03-15 14:52,Spencer's,Lucknow,Apple 1kg,1,617.99,617.99,7855.03,392.75,186.56,186.56,7835.4,Card
INV-20260315-0071,2026-03-15 14:52,Spencer's,Lucknow,Amul Gold Milk 1L,3,569.28,1707.84,7855.03,392.75,186.56,186.56,7835.4,Cash
INV-20260315-0071,2026-03-15 14:52,Spencer's,Lucknow,Bru Coffee 200g,3,46.91,140.73,7855.03,392.75,186.56,186.56,7835.4,Card
INV-20260315-0071,2026-03-15 14:52,Spencer's,Lucknow,Toor Dal 1kg,2,433.02,866.04,7855.03,392.75,186.56,186.56,7835.4,Card
INV-20260315-0071,2026-03-15 14:52,Spencer's,Lucknow,Tata Salt 1kg,1,417.55,417.55,7855.03,392.75,186.56,186.56,7835.4,Cash
INV-20260315-0071,2026-03-15 14:52,Spencer's,Lucknow,Maggi Noodles Pack,3,367.56,1102.68,7855.03,392.75,186.56,186.56,7835.4,Cash
INV-20260315-0071,2026-03-15 14:52,Spencer's,Lucknow,Eggs (12 pcs),2,304.59,609.18,7855.03,392.75,186.56,186.56,7835.4,Cash
INV-20260315-0071,2026-03-15 14:52,Spencer's,Lucknow,Britannia Bread,3,536.96,1610.88,7855.03,392.75,186.56,186.56,7835.4,Cash
INV-20260109-0072,2026-01-09 03:33,Reliance Smart Bazaar,Ghaziabad,Clinic Plus Shampoo,3,80.53,241.59,3448.97,68.98,84.5,84.5,3548.99,Cash
INV-20260109-0072,2026-01-09 03:33,Reliance Smart Bazaar,Ghaziabad,Sugar 1kg,3,64.71,194.13,3448.97,68.98,84.5,84.5,3548.99,Card
INV-20260109-0072,2026-01-09 03:33,Reliance Smart Bazaar,Ghaziabad,Amul Gold Milk 1L,2,52.13,104.26,3448.97,68.98,84.5,84.5,3548.99,UPI
INV-20260109-0072,2026-01-09 03:33,Reliance Smart Bazaar,Ghaziabad,Potato 2kg,2,381.39,762.78,3448.97,68.98,84.5,84.5,3548.99,Card
INV-20260109-0072,2026-01-09 03:33,Reliance Smart Bazaar,Ghaziabad,Maggi Noodles Pack,1,142.91,142.91,3448.97,68.98,84.5,84.5,3548.99,UPI
INV-20260109-0072,2026-01-09 03:33,Reliance Smart Bazaar,Ghaziabad,Lux Soap,2,601.49,1202.98,3448.97,68.98,84.5,84.5,3548.99,UPI
INV-20260109-0072,2026-01-09 03:33,Reliance Smart Bazaar,Ghaziabad,Banana 1 Dozen,3,159.86,479.58,3448.97,68.98,84.5,84.5,3548.99,UPI
INV-20260109-0072,2026-01-09 03:33,Reliance Smart Bazaar,Ghaziabad,Fortune Sunflower Oil 1L,1,320.74,320.74,3448.97,68.98,84.5,84.5,3548.99,Cash
INV-20260121-0073,2026-01-21 06:20,More Supermarket,Delhi,Toor Dal 1kg,1,373.34,373.34,8316.79,166.34,203.76,203.76,8557.97,Cash
INV-20260121-0073,2026-01-21 06:20,More Supermarket,Delhi,Sugar 1kg,1,396.06,396.06,8316.79,166.34,203.76,203.76,8557.97,Card
INV-20260121-0073,2026-01-21 06:20,More Supermarket,Delhi,Colgate Toothpaste,3,422.58,1267.74,8316.79,166.34,203.76,203.76,8557.97,Cash
INV-20260121-0073,2026-01-21 06:20,More Supermarket,Delhi,Clinic Plus Shampoo,1,42.01,42.01,8316.79,166.34,203.76,203.76,8557.97,Cash
INV-20260121-0073,2026-01-21 06:20,More Supermarket,Delhi,Lux Soap,3,672.96,2018.88,8316.79,166.34,203.76,203.76,8557.97,Card
INV-20260121-0073,2026-01-21 06:20,More Supermarket,Delhi,Onion 1kg,3,606.46,1819.38,8316.79,166.34,203.76,203.76,8557.97,UPI
INV-20260121-0073,2026-01-21 06:20,More Supermarket,Delhi,Horlicks 500g,2,68.81,137.62,8316.79,166.34,203.76,203.76,8557.97,Cash
INV-20260121-0073,2026-01-21 06:20,More Supermarket,Delhi,Britannia Bread,1,556.41,556.41,8316.79,166.34,203.76,203.76,8557.97,Cash
INV-20260121-0073,2026-01-21 06:20,More Supermarket,Delhi,India Gate Basmati Rice 5kg,3,568.45,1705.35,8316.79,166.34,203.76,203.76,8557.97,UPI
INV-20260109-0074,2026-01-09 19:08,Easyday Club,Aligarh,Good Day Cookies,3,234.4,703.2,6126.21,122.52,150.09,150.09,6303.87,Card
INV-20260109-0074,2026-01-09 19:08,Easyday Club,Aligarh,Horlicks 500g,1,492.53,492.53,6126.21,122.52,150.09,150.09,6303.87,Card
INV-20260109-0074,2026-01-09 19:08,Easyday Club,Aligarh,Aashirvaad Atta 5kg,3,495.49,1486.47,6126.21,122.52,150.09,150.09,6303.87,Cash
INV-20260109-0074,2026-01-09 19:08,Easyday Club,Aligarh,Tata Tea Premium 500g,1,100.47,100.47,6126.21,122.52,150.09,150.09,6303.87,UPI
INV-20260109-0074,2026-01-09 19:08,Easyday Club,Aligarh,Moong Dal 1kg,2,78.01,156.02,6126.21,122.52,150.09,150.09,6303.87,Card
INV-20260109-0074,2026-01-09 19:08,Easyday Club,Aligarh,Surf Excel 1kg,3,734.24,2202.72,6126.21,122.52,150.09,150.09,6303.87,Card
INV-20260109-0074,2026-01-09 19:08,Easyday Club,Aligarh,Tata Salt 1kg,2,492.4,984.8,6126.21,122.52,150.09,150.09,6303.87,Cash
INV-20260315-0075,2026-03-15 23:27,Reliance Smart Bazaar,Ghaziabad,Horlicks 500g,2,362.04,724.08,4071.78,203.59,96.7,96.7,4061.59,UPI
INV-20260315-0075,2026-03-15 23:27,Reliance Smart Bazaar,Ghaziabad,Eggs (12 pcs),1,383.43,383.43,4071.78,203.59,96.7,96.7,4061.59,Cash
INV-20260315-0075,2026-03-15 23:27,Reliance Smart Bazaar,Ghaziabad,Maggi Noodles Pack,2,351.44,702.88,4071.78,203.59,96.7,96.7,4061.59,UPI
INV-20260315-0075,2026-03-15 23:27,Reliance Smart Bazaar,Ghaziabad,Tata Salt 1kg,2,407.55,815.1,4071.78,203.59,96.7,96.7,4061.59,UPI
INV-20260315-0075,2026-03-15 23:27,Reliance Smart Bazaar,Ghaziabad,Bru Coffee 200g,2,698.86,1397.72,4071.78,203.59,96.7,96.7,4061.59,Card
INV-20260315-0075,2026-03-15 23:27,Reliance Smart Bazaar,Ghaziabad,Clinic Plus Shampoo,1,48.57,48.57,4071.78,203.59,96.7,96.7,4061.59,UPI
INV-20260401-0076,2026-04-01 16:28,Spencer's,Lucknow,Potato 2kg,3,480.77,1442.31,10797.43,0.0,269.94,269.94,11337.31,Cash
INV-20260401-0076,2026-04-01 16:28,Spencer's,Lucknow,Apple 1kg,3,400.51,1201.53,10797.43,0.0,269.94,269.94,11337.31,UPI
INV-20260401-0076,2026-04-01 16:28,Spencer's,Lucknow,Banana 1 Dozen,3,216.59,649.77,10797.43,0.0,269.94,269.94,11337.31,Cash
INV-20260401-0076,2026-04-01 16:28,Spencer's,Lucknow,Eggs (12 pcs),2,50.29,100.58,10797.43,0.0,269.94,269.94,11337.31,Cash
INV-20260401-0076,2026-04-01 16:28,Spencer's,Lucknow,Bru Coffee 200g,2,203.55,407.1,10797.43,0.0,269.94,269.94,11337.31,UPI
INV-20260401-0076,2026-04-01 16:28,Spencer's,Lucknow,Onion 1kg,3,554.86,1664.58,10797.43,0.0,269.94,269.94,11337.31,UPI
INV-20260401-0076,2026-04-01 16:28,Spencer's,Lucknow,Clinic Plus Shampoo,2,278.73,557.46,10797.43,0.0,269.94,269.94,11337.31,Card
INV-20260401-0076,2026-04-01 16:28,Spencer's,Lucknow,Toor Dal 1kg,2,598.68,1197.36,10797.43,0.0,269.94,269.94,11337.31,UPI
INV-20260401-0076,2026-04-01 16:28,Spencer's,Lucknow,Maggi Noodles Pack,2,572.56,1145.12,10797.43,0.0,269.94,269.94,11337.31,UPI
INV-20260401-0076,2026-04-01 16:28,Spencer's,Lucknow,Tata Tea Premium 500g,2,492.8,985.6,10797.43,0.0,269.94,269.94,11337.31,UPI
INV-20260401-0076,2026-04-01 16:28,Spencer's,Lucknow,Tomato 1kg,2,257.47,514.94,10797.43,0.0,269.94,269.94,11337.31,Cash
INV-20260401-0076,2026-04-01 16:28,Spencer's,Lucknow,Aashirvaad Atta 5kg,3,310.36,931.08,10797.43,0.0,269.94,269.94,11337.31,Cash
INV-20260601-0077,2026-06-01 03:22,More Supermarket,Delhi,Parle-G Biscuits,3,398.17,1194.51,6451.28,129.03,158.06,158.06,6638.37,UPI
INV-20260601-0077,2026-06-01 03:22,More Supermarket,Delhi,Sugar 1kg,1,67.54,67.54,6451.28,129.03,158.06,158.06,6638.37,Card
INV-20260601-0077,2026-06-01 03:22,More Supermarket,Delhi,India Gate Basmati Rice 5kg,2,553.5,1107.0,6451.28,129.03,158.06,158.06,6638.37,Cash
INV-20260601-0077,2026-06-01 03:22,More Supermarket,Delhi,Aashirvaad Atta 5kg,3,408.74,1226.22,6451.28,129.03,158.06,158.06,6638.37,Cash
INV-20260601-0077,2026-06-01 03:22,More Supermarket,Delhi,Wheel Detergent,3,567.13,1701.39,6451.28,129.03,158.06,158.06,6638.37,Cash
INV-20260601-0077,2026-06-01 03:22,More Supermarket,Delhi,Tata Tea Premium 500g,1,100.44,100.44,6451.28,129.03,158.06,158.06,6638.37,UPI
INV-20260601-0077,2026-06-01 03:22,More Supermarket,Delhi,Surf Excel 1kg,2,226.56,453.12,6451.28,129.03,158.06,158.06,6638.37,UPI
INV-20260601-0077,2026-06-01 03:22,More Supermarket,Delhi,Moong Dal 1kg,1,601.06,601.06,6451.28,129.03,158.06,158.06,6638.37,UPI
INV-20260324-0078,2026-03-24 00:23,Easyday Club,Aligarh,Amul Gold Milk 1L,1,121.9,121.9,8979.12,179.58,219.99,219.99,9239.52,Cash
INV-20260324-0078,2026-03-24 00:23,Easyday Club,Aligarh,Fortune Sunflower Oil 1L,3,537.86,1613.58,8979.12,179.58,219.99,219.99,9239.52,Card
INV-20260324-0078,2026-03-24 00:23,Easyday Club,Aligarh,Apple 1kg,1,299.28,299.28,8979.12,179.58,219.99,219.99,9239.52,UPI
INV-20260324-0078,2026-03-24 00:23,Easyday Club,Aligarh,Eggs (12 pcs),1,722.74,722.74,8979.12,179.58,219.99,219.99,9239.52,Cash
INV-20260324-0078,2026-03-24 00:23,Easyday Club,Aligarh,Tata Tea Premium 500g,1,425.53,425.53,8979.12,179.58,219.99,219.99,9239.52,UPI
INV-20260324-0078,2026-03-24 00:23,Easyday Club,Aligarh,Moong Dal 1kg,3,642.83,1928.49,8979.12,179.58,219.99,219.99,9239.52,UPI
INV-20260324-0078,2026-03-24 00:23,Easyday Club,Aligarh,Clinic Plus Shampoo,3,174.17,522.51,8979.12,179.58,219.99,219.99,9239.52,UPI
INV-20260324-0078,2026-03-24 00:23,Easyday Club,Aligarh,Sugar 1kg,3,589.19,1767.57,8979.12,179.58,219.99,219.99,9239.52,UPI
INV-20260324-0078,2026-03-24 00:23,Easyday Club,Aligarh,Surf Excel 1kg,3,274.21,822.63,8979.12,179.58,219.99,219.99,9239.52,Cash
INV-20260324-0078,2026-03-24 00:23,Easyday Club,Aligarh,Colgate Toothpaste,3,251.63,754.89,8979.12,179.58,219.99,219.99,9239.52,Cash
INV-20260218-0079,2026-02-18 13:56,Spencer's,Lucknow,Parle-G Biscuits,3,269.84,809.52,6386.4,0.0,159.66,159.66,6705.72,Card
INV-20260218-0079,2026-02-18 13:56,Spencer's,Lucknow,Onion 1kg,3,559.59,1678.77,6386.4,0.0,159.66,159.66,6705.72,Cash
INV-20260218-0079,2026-02-18 13:56,Spencer's,Lucknow,Tomato 1kg,2,522.87,1045.74,6386.4,0.0,159.66,159.66,6705.72,Card
INV-20260218-0079,2026-02-18 13:56,Spencer's,Lucknow,Moong Dal 1kg,3,45.28,135.84,6386.4,0.0,159.66,159.66,6705.72,Card
INV-20260218-0079,2026-02-18 13:56,Spencer's,Lucknow,Bru Coffee 200g,2,396.96,793.92,6386.4,0.0,159.66,159.66,6705.72,UPI
INV-20260218-0079,2026-02-18 13:56,Spencer's,Lucknow,Wheel Detergent,3,640.87,1922.61,6386.4,0.0,159.66,159.66,6705.72,UPI
INV-20260118-0080,2026-01-18 02:49,Reliance Smart Bazaar,Ghaziabad,Potato 2kg,1,641.62,641.62,3285.23,65.7,80.49,80.49,3380.51,Cash
INV-20260118-0080,2026-01-18 02:49,Reliance Smart Bazaar,Ghaziabad,Sugar 1kg,3,39.33,117.99,3285.23,65.7,80.49,80.49,3380.51,UPI
INV-20260118-0080,2026-01-18 02:49,Reliance Smart Bazaar,Ghaziabad,Horlicks 500g,2,199.13,398.26,3285.23,65.7,80.49,80.49,3380.51,UPI
INV-20260118-0080,2026-01-18 02:49,Reliance Smart Bazaar,Ghaziabad,Clinic Plus Shampoo,1,141.65,141.65,3285.23,65.7,80.49,80.49,3380.51,UPI
INV-20260118-0080,2026-01-18 02:49,Reliance Smart Bazaar,Ghaziabad,Banana 1 Dozen,3,480.43,1441.29,3285.23,65.7,80.49,80.49,3380.51,Card
INV-20260118-0080,2026-01-18 02:49,Reliance Smart Bazaar,Ghaziabad,Good Day Cookies,1,544.42,544.42,3285.23,65.7,80.49,80.49,3380.51,Cash
INV-20260319-0081,2026-03-19 08:21,Spencer's,Lucknow,Horlicks 500g,3,35.82,107.46,10029.89,0.0,250.75,250.75,10531.39,Card
INV-20260319-0081,2026-03-19 08:21,Spencer's,Lucknow,Toor Dal 1kg,2,703.09,1406.18,10029.89,0.0,250.75,250.75,10531.39,Card
INV-20260319-0081,2026-03-19 08:21,Spencer's,Lucknow,Bru Coffee 200g,3,441.48,1324.44,10029.89,0.0,250.75,250.75,10531.39,Card
INV-20260319-0081,2026-03-19 08:21,Spencer's,Lucknow,Surf Excel 1kg,2,154.29,308.58,10029.89,0.0,250.75,250.75,10531.39,Card
INV-20260319-0081,2026-03-19 08:21,Spencer's,Lucknow,Banana 1 Dozen,3,684.79,2054.37,10029.89,0.0,250.75,250.75,10531.39,Cash
INV-20260319-0081,2026-03-19 08:21,Spencer's,Lucknow,India Gate Basmati Rice 5kg,1,478.76,478.76,10029.89,0.0,250.75,250.75,10531.39,UPI
INV-20260319-0081,2026-03-19 08:21,Spencer's,Lucknow,Aashirvaad Atta 5kg,2,745.28,1490.56,10029.89,0.0,250.75,250.75,10531.39,UPI
INV-20260319-0081,2026-03-19 08:21,Spencer's,Lucknow,Tata Salt 1kg,2,588.95,1177.9,10029.89,0.0,250.75,250.75,10531.39,Card
INV-20260319-0081,2026-03-19 08:21,Spencer's,Lucknow,Lux Soap,1,102.2,102.2,10029.89,0.0,250.75,250.75,10531.39,Card
INV-20260319-0081,2026-03-19 08:21,Spencer's,Lucknow,Fortune Sunflower Oil 1L,3,526.48,1579.44,10029.89,0.0,250.75,250.75,10531.39,Card
INV-20260416-0082,2026-04-16 21:57,Easyday Club,Aligarh,Eggs (12 pcs),1,403.31,403.31,7431.7,371.59,176.5,176.5,7413.11,Cash
INV-20260416-0082,2026-04-16 21:57,Easyday Club,Aligarh,Onion 1kg,2,669.94,1339.88,7431.7,371.59,176.5,176.5,7413.11,UPI
INV-20260416-0082,2026-04-16 21:57,Easyday Club,Aligarh,Surf Excel 1kg,2,50.84,101.68,7431.7,371.59,176.5,176.5,7413.11,Card
INV-20260416-0082,2026-04-16 21:57,Easyday Club,Aligarh,Good Day Cookies,2,594.77,1189.54,7431.7,371.59,176.5,176.5,7413.11,UPI
INV-20260416-0082,2026-04-16 21:57,Easyday Club,Aligarh,Aashirvaad Atta 5kg,2,623.3,1246.6,7431.7,371.59,176.5,176.5,7413.11,Card
INV-20260416-0082,2026-04-16 21:57,Easyday Club,Aligarh,Moong Dal 1kg,3,376.58,1129.74,7431.7,371.59,176.5,176.5,7413.11,Cash
INV-20260416-0082,2026-04-16 21:57,Easyday Club,Aligarh,Apple 1kg,3,673.65,2020.95,7431.7,371.59,176.5,176.5,7413.11,Card
INV-20260513-0083,2026-05-13 06:30,DMart Hypermarket,Noida,Lux Soap,1,667.75,667.75,5317.88,0.0,132.95,132.95,5583.78,Card
INV-20260513-0083,2026-05-13 06:30,DMart Hypermarket,Noida,Tata Tea Premium 500g,3,47.25,141.75,5317.88,0.0,132.95,132.95,5583.78,Cash
INV-20260513-0083,2026-05-13 06:30,DMart Hypermarket,Noida,Sugar 1kg,3,396.89,1190.67,5317.88,0.0,132.95,132.95,5583.78,Card
INV-20260513-0083,2026-05-13 06:30,DMart Hypermarket,Noida,Clinic Plus Shampoo,3,202.24,606.72,5317.88,0.0,132.95,132.95,5583.78,Card
INV-20260513-0083,2026-05-13 06:30,DMart Hypermarket,Noida,Fortune Sunflower Oil 1L,1,315.74,315.74,5317.88,0.0,132.95,132.95,5583.78,Cash
INV-20260513-0083,2026-05-13 06:30,DMart Hypermarket,Noida,Tomato 1kg,2,208.18,416.36,5317.88,0.0,132.95,132.95,5583.78,UPI
INV-20260513-0083,2026-05-13 06:30,DMart Hypermarket,Noida,Tata Salt 1kg,3,659.63,1978.89,5317.88,0.0,132.95,132.95,5583.78,Card
INV-20260202-0084,2026-02-02 13:22,Spencer's,Lucknow,Wheel Detergent,2,455.89,911.78,8492.1,424.6,201.69,201.69,8470.88,UPI
INV-20260202-0084,2026-02-02 13:22,Spencer's,Lucknow,Apple 1kg,3,398.35,1195.05,8492.1,424.6,201.69,201.69,8470.88,Card
INV-20260202-0084,2026-02-02 13:22,Spencer's,Lucknow,Clinic Plus Shampoo,1,179.02,179.02,8492.1,424.6,201.69,201.69,8470.88,Cash
INV-20260202-0084,2026-02-02 13:22,Spencer's,Lucknow,Sugar 1kg,1,592.25,592.25,8492.1,424.6,201.69,201.69,8470.88,Card
INV-20260202-0084,2026-02-02 13:22,Spencer's,Lucknow,Moong Dal 1kg,2,735.22,1470.44,8492.1,424.6,201.69,201.69,8470.88,Card
INV-20260202-0084,2026-02-02 13:22,Spencer's,Lucknow,Potato 2kg,3,710.48,2131.44,8492.1,424.6,201.69,201.69,8470.88,Card
INV-20260202-0084,2026-02-02 13:22,Spencer's,Lucknow,Maggi Noodles Pack,1,310.38,310.38,8492.1,424.6,201.69,201.69,8470.88,Card
INV-20260202-0084,2026-02-02 13:22,Spencer's,Lucknow,Britannia Bread,1,735.41,735.41,8492.1,424.6,201.69,201.69,8470.88,UPI
INV-20260202-0084,2026-02-02 13:22,Spencer's,Lucknow,Eggs (12 pcs),3,42.23,126.69,8492.1,424.6,201.69,201.69,8470.88,UPI
INV-20260202-0084,2026-02-02 13:22,Spencer's,Lucknow,Bru Coffee 200g,3,279.88,839.64,8492.1,424.6,201.69,201.69,8470.88,Cash
INV-20260408-0085,2026-04-08 16:57,Reliance Smart Bazaar,Ghaziabad,Tata Tea Premium 500g,2,272.58,545.16,6875.56,0.0,171.89,171.89,7219.34,Card
INV-20260408-0085,2026-04-08 16:57,Reliance Smart Bazaar,Ghaziabad,Potato 2kg,1,326.13,326.13,6875.56,0.0,171.89,171.89,7219.34,Cash
INV-20260408-0085,2026-04-08 16:57,Reliance Smart Bazaar,Ghaziabad,Apple 1kg,2,677.46,1354.92,6875.56,0.0,171.89,171.89,7219.34,Card
INV-20260408-0085,2026-04-08 16:57,Reliance Smart Bazaar,Ghaziabad,Toor Dal 1kg,1,331.66,331.66,6875.56,0.0,171.89,171.89,7219.34,Cash
INV-20260408-0085,2026-04-08 16:57,Reliance Smart Bazaar,Ghaziabad,Moong Dal 1kg,1,540.06,540.06,6875.56,0.0,171.89,171.89,7219.34,Card
INV-20260408-0085,2026-04-08 16:57,Reliance Smart Bazaar,Ghaziabad,Surf Excel 1kg,3,699.14,2097.42,6875.56,0.0,171.89,171.89,7219.34,Card
INV-20260408-0085,2026-04-08 16:57,Reliance Smart Bazaar,Ghaziabad,Good Day Cookies,3,33.2,99.6,6875.56,0.0,171.89,171.89,7219.34,UPI
INV-20260408-0085,2026-04-08 16:57,Reliance Smart Bazaar,Ghaziabad,Wheel Detergent,1,347.34,347.34,6875.56,0.0,171.89,171.89,7219.34,Card
INV-20260408-0085,2026-04-08 16:57,Reliance Smart Bazaar,Ghaziabad,Maggi Noodles Pack,3,22.8,68.4,6875.56,0.0,171.89,171.89,7219.34,Cash
INV-20260408-0085,2026-04-08 16:57,Reliance Smart Bazaar,Ghaziabad,Lux Soap,3,137.43,412.29,6875.56,0.0,171.89,171.89,7219.34,Card
INV-20260408-0085,2026-04-08 16:57,Reliance Smart Bazaar,Ghaziabad,Tomato 1kg,3,250.86,752.58,6875.56,0.0,171.89,171.89,7219.34,Cash
INV-20260125-0086,2026-01-25 04:33,Spencer's,Lucknow,Sugar 1kg,1,612.1,612.1,8009.85,0.0,200.25,200.25,8410.35,UPI
INV-20260125-0086,2026-01-25 04:33,Spencer's,Lucknow,Britannia Bread,1,635.45,635.45,8009.85,0.0,200.25,200.25,8410.35,Card
INV-20260125-0086,2026-01-25 04:33,Spencer's,Lucknow,Maggi Noodles Pack,2,742.89,1485.78,8009.85,0.0,200.25,200.25,8410.35,UPI
INV-20260125-0086,2026-01-25 04:33,Spencer's,Lucknow,Aashirvaad Atta 5kg,3,688.95,2066.85,8009.85,0.0,200.25,200.25,8410.35,Cash
INV-20260125-0086,2026-01-25 04:33,Spencer's,Lucknow,Parle-G Biscuits,1,533.93,533.93,8009.85,0.0,200.25,200.25,8410.35,UPI
INV-20260125-0086,2026-01-25 04:33,Spencer's,Lucknow,Surf Excel 1kg,3,61.17,183.51,8009.85,0.0,200.25,200.25,8410.35,UPI
INV-20260125-0086,2026-01-25 04:33,Spencer's,Lucknow,Lux Soap,3,336.36,1009.08,8009.85,0.0,200.25,200.25,8410.35,Cash
INV-20260125-0086,2026-01-25 04:33,Spencer's,Lucknow,Amul Gold Milk 1L,1,177.16,177.16,8009.85,0.0,200.25,200.25,8410.35,UPI
INV-20260125-0086,2026-01-25 04:33,Spencer's,Lucknow,Toor Dal 1kg,3,44.54,133.62,8009.85,0.0,200.25,200.25,8410.35,Cash
INV-20260125-0086,2026-01-25 04:33,Spencer's,Lucknow,Fortune Sunflower Oil 1L,1,493.93,493.93,8009.85,0.0,200.25,200.25,8410.35,UPI
INV-20260125-0086,2026-01-25 04:33,Spencer's,Lucknow,Tomato 1kg,2,339.22,678.44,8009.85,0.0,200.25,200.25,8410.35,Cash
INV-20260308-0087,2026-03-08 23:08,Easyday Club,Aligarh,Banana 1 Dozen,2,36.24,72.48,5627.65,0.0,140.69,140.69,5909.03,UPI
INV-20260308-0087,2026-03-08 23:08,Easyday Club,Aligarh,Parle-G Biscuits,2,443.14,886.28,5627.65,0.0,140.69,140.69,5909.03,UPI
INV-20260308-0087,2026-03-08 23:08,Easyday Club,Aligarh,Toor Dal 1kg,3,479.27,1437.81,5627.65,0.0,140.69,140.69,5909.03,Cash
INV-20260308-0087,2026-03-08 23:08,Easyday Club,Aligarh,Aashirvaad Atta 5kg,1,419.25,419.25,5627.65,0.0,140.69,140.69,5909.03,UPI
INV-20260308-0087,2026-03-08 23:08,Easyday Club,Aligarh,Lux Soap,2,39.17,78.34,5627.65,0.0,140.69,140.69,5909.03,Cash
INV-20260308-0087,2026-03-08 23:08,Easyday Club,Aligarh,Eggs (12 pcs),1,230.6,230.6,5627.65,0.0,140.69,140.69,5909.03,Card
INV-20260308-0087,2026-03-08 23:08,Easyday Club,Aligarh,Bru Coffee 200g,3,82.87,248.61,5627.65,0.0,140.69,140.69,5909.03,Card
INV-20260308-0087,2026-03-08 23:08,Easyday Club,Aligarh,Amul Gold Milk 1L,2,659.8,1319.6,5627.65,0.0,140.69,140.69,5909.03,UPI
INV-20260308-0087,2026-03-08 23:08,Easyday Club,Aligarh,Apple 1kg,3,135.44,406.32,5627.65,0.0,140.69,140.69,5909.03,Card
INV-20260308-0087,2026-03-08 23:08,Easyday Club,Aligarh,Moong Dal 1kg,2,129.06,258.12,5627.65,0.0,140.69,140.69,5909.03,Card
INV-20260308-0087,2026-03-08 23:08,Easyday Club,Aligarh,Good Day Cookies,1,270.24,270.24,5627.65,0.0,140.69,140.69,5909.03,Cash
INV-20260305-0088,2026-03-05 20:14,DMart Hypermarket,Noida,Parle-G Biscuits,3,642.37,1927.11,7108.98,0.0,177.72,177.72,7464.42,Card
INV-20260305-0088,2026-03-05 20:14,DMart Hypermarket,Noida,Moong Dal 1kg,2,129.09,258.18,7108.98,0.0,177.72,177.72,7464.42,UPI
INV-20260305-0088,2026-03-05 20:14,DMart Hypermarket,Noida,Maggi Noodles Pack,1,102.9,102.9,7108.98,0.0,177.72,177.72,7464.42,Cash
INV-20260305-0088,2026-03-05 20:14,DMart Hypermarket,Noida,Britannia Bread,1,749.48,749.48,7108.98,0.0,177.72,177.72,7464.42,Cash
INV-20260305-0088,2026-03-05 20:14,DMart Hypermarket,Noida,Tata Salt 1kg,2,137.43,274.86,7108.98,0.0,177.72,177.72,7464.42,Cash
INV-20260305-0088,2026-03-05 20:14,DMart Hypermarket,Noida,Onion 1kg,1,511.65,511.65,7108.98,0.0,177.72,177.72,7464.42,Cash
INV-20260305-0088,2026-03-05 20:14,DMart Hypermarket,Noida,Colgate Toothpaste,1,655.28,655.28,7108.98,0.0,177.72,177.72,7464.42,UPI
INV-20260305-0088,2026-03-05 20:14,DMart Hypermarket,Noida,Wheel Detergent,1,167.09,167.09,7108.98,0.0,177.72,177.72,7464.42,UPI
INV-20260305-0088,2026-03-05 20:14,DMart Hypermarket,Noida,Apple 1kg,2,199.35,398.7,7108.98,0.0,177.72,177.72,7464.42,UPI
INV-20260305-0088,2026-03-05 20:14,DMart Hypermarket,Noida,India Gate Basmati Rice 5kg,3,687.91,2063.73,7108.98,0.0,177.72,177.72,7464.42,Cash
INV-20260329-0089,2026-03-29 06:15,Easyday Club,Aligarh,Sugar 1kg,2,399.13,798.26,5752.05,0.0,143.8,143.8,6039.65,Card
INV-20260329-0089,2026-03-29 06:15,Easyday Club,Aligarh,Toor Dal 1kg,1,339.14,339.14,5752.05,0.0,143.8,143.8,6039.65,UPI
INV-20260329-0089,2026-03-29 06:15,Easyday Club,Aligarh,Good Day Cookies,2,729.31,1458.62,5752.05,0.0,143.8,143.8,6039.65,Card
INV-20260329-0089,2026-03-29 06:15,Easyday Club,Aligarh,Aashirvaad Atta 5kg,3,25.73,77.19,5752.05,0.0,143.8,143.8,6039.65,UPI
INV-20260329-0089,2026-03-29 06:15,Easyday Club,Aligarh,Amul Gold Milk 1L,2,181.77,363.54,5752.05,0.0,143.8,143.8,6039.65,UPI
INV-20260329-0089,2026-03-29 06:15,Easyday Club,Aligarh,Apple 1kg,3,287.11,861.33,5752.05,0.0,143.8,143.8,6039.65,Cash
INV-20260329-0089,2026-03-29 06:15,Easyday Club,Aligarh,Tata Tea Premium 500g,3,264.98,794.94,5752.05,0.0,143.8,143.8,6039.65,Card
INV-20260329-0089,2026-03-29 06:15,Easyday Club,Aligarh,Maggi Noodles Pack,1,603.19,603.19,5752.05,0.0,143.8,143.8,6039.65,Card
INV-20260329-0089,2026-03-29 06:15,Easyday Club,Aligarh,Potato 2kg,2,227.92,455.84,5752.05,0.0,143.8,143.8,6039.65,Cash
INV-20260602-0090,2026-06-02 00:32,Spencer's,Lucknow,Apple 1kg,1,44.53,44.53,6169.53,0.0,154.24,154.24,6478.01,Card
INV-20260602-0090,2026-06-02 00:32,Spencer's,Lucknow,Tata Salt 1kg,2,597.34,1194.68,6169.53,0.0,154.24,154.24,6478.01,UPI
INV-20260602-0090,2026-06-02 00:32,Spencer's,Lucknow,Tata Tea Premium 500g,1,396.67,396.67,6169.53,0.0,154.24,154.24,6478.01,UPI
INV-20260602-0090,2026-06-02 00:32,Spencer's,Lucknow,Moong Dal 1kg,3,588.23,1764.69,6169.53,0.0,154.24,154.24,6478.01,UPI
INV-20260602-0090,2026-06-02 00:32,Spencer's,Lucknow,Britannia Bread,3,51.9,155.7,6169.53,0.0,154.24,154.24,6478.01,UPI
INV-20260602-0090,2026-06-02 00:32,Spencer's,Lucknow,Sugar 1kg,1,293.76,293.76,6169.53,0.0,154.24,154.24,6478.01,Card
INV-20260602-0090,2026-06-02 00:32,Spencer's,Lucknow,Lux Soap,2,523.76,1047.52,6169.53,0.0,154.24,154.24,6478.01,UPI
INV-20260602-0090,2026-06-02 00:32,Spencer's,Lucknow,Potato 2kg,1,446.12,446.12,6169.53,0.0,154.24,154.24,6478.01,UPI
INV-20260602-0090,2026-06-02 00:32,Spencer's,Lucknow,Surf Excel 1kg,3,57.28,171.84,6169.53,0.0,154.24,154.24,6478.01,Card
INV-20260602-0090,2026-06-02 00:32,Spencer's,Lucknow,Eggs (12 pcs),2,327.01,654.02,6169.53,0.0,154.24,154.24,6478.01,UPI
INV-20260606-0091,2026-06-06 02:03,DMart Hypermarket,Noida,Colgate Toothpaste,1,556.12,556.12,8212.82,164.26,201.21,201.21,8450.98,Cash
INV-20260606-0091,2026-06-06 02:03,DMart Hypermarket,Noida,Surf Excel 1kg,2,395.75,791.5,8212.82,164.26,201.21,201.21,8450.98,Card
INV-20260606-0091,2026-06-06 02:03,DMart Hypermarket,Noida,Moong Dal 1kg,3,292.89,878.67,8212.82,164.26,201.21,201.21,8450.98,Cash
INV-20260606-0091,2026-06-06 02:03,DMart Hypermarket,Noida,Lux Soap,3,698.8,2096.4,8212.82,164.26,201.21,201.21,8450.98,Cash
INV-20260606-0091,2026-06-06 02:03,DMart Hypermarket,Noida,Parle-G Biscuits,3,156.75,470.25,8212.82,164.26,201.21,201.21,8450.98,UPI
INV-20260606-0091,2026-06-06 02:03,DMart Hypermarket,Noida,Clinic Plus Shampoo,1,603.88,603.88,8212.82,164.26,201.21,201.21,8450.98,Cash
INV-20260606-0091,2026-06-06 02:03,DMart Hypermarket,Noida,Britannia Bread,3,49.79,149.37,8212.82,164.26,201.21,201.21,8450.98,UPI
INV-20260606-0091,2026-06-06 02:03,DMart Hypermarket,Noida,Fortune Sunflower Oil 1L,2,551.35,1102.7,8212.82,164.26,201.21,201.21,8450.98,Card
INV-20260606-0091,2026-06-06 02:03,DMart Hypermarket,Noida,Amul Gold Milk 1L,1,136.01,136.01,8212.82,164.26,201.21,201.21,8450.98,Card
INV-20260606-0091,2026-06-06 02:03,DMart Hypermarket,Noida,Bru Coffee 200g,2,713.96,1427.92,8212.82,164.26,201.21,201.21,8450.98,Cash
INV-20260327-0092,2026-03-27 18:33,Easyday Club,Aligarh,Parle-G Biscuits,3,584.39,1753.17,8148.91,0.0,203.72,203.72,8556.35,Cash
INV-20260327-0092,2026-03-27 18:33,Easyday Club,Aligarh,Apple 1kg,2,495.75,991.5,8148.91,0.0,203.72,203.72,8556.35,UPI
INV-20260327-0092,2026-03-27 18:33,Easyday Club,Aligarh,Amul Gold Milk 1L,2,431.56,863.12,8148.91,0.0,203.72,203.72,8556.35,UPI
INV-20260327-0092,2026-03-27 18:33,Easyday Club,Aligarh,India Gate Basmati Rice 5kg,1,341.12,341.12,8148.91,0.0,203.72,203.72,8556.35,UPI
INV-20260327-0092,2026-03-27 18:33,Easyday Club,Aligarh,Onion 1kg,2,635.22,1270.44,8148.91,0.0,203.72,203.72,8556.35,Card
INV-20260327-0092,2026-03-27 18:33,Easyday Club,Aligarh,Surf Excel 1kg,2,604.83,1209.66,8148.91,0.0,203.72,203.72,8556.35,UPI
INV-20260327-0092,2026-03-27 18:33,Easyday Club,Aligarh,Toor Dal 1kg,3,573.3,1719.9,8148.91,0.0,203.72,203.72,8556.35,Cash
INV-20260204-0093,2026-02-04 01:14,Reliance Smart Bazaar,Ghaziabad,Aashirvaad Atta 5kg,2,348.67,697.34,11250.08,562.5,267.19,267.19,11221.96,Card
INV-20260204-0093,2026-02-04 01:14,Reliance Smart Bazaar,Ghaziabad,Wheel Detergent,3,692.32,2076.96,11250.08,562.5,267.19,267.19,11221.96,Cash
INV-20260204-0093,2026-02-04 01:14,Reliance Smart Bazaar,Ghaziabad,Banana 1 Dozen,3,182.58,547.74,11250.08,562.5,267.19,267.19,11221.96,UPI
INV-20260204-0093,2026-02-04 01:14,Reliance Smart Bazaar,Ghaziabad,India Gate Basmati Rice 5kg,3,610.57,1831.71,11250.08,562.5,267.19,267.19,11221.96,Cash
INV-20260204-0093,2026-02-04 01:14,Reliance Smart Bazaar,Ghaziabad,Moong Dal 1kg,1,647.27,647.27,11250.08,562.5,267.19,267.19,11221.96,Cash
INV-20260204-0093,2026-02-04 01:14,Reliance Smart Bazaar,Ghaziabad,Surf Excel 1kg,2,294.14,588.28,11250.08,562.5,267.19,267.19,11221.96,Card
INV-20260204-0093,2026-02-04 01:14,Reliance Smart Bazaar,Ghaziabad,Colgate Toothpaste,1,457.21,457.21,11250.08,562.5,267.19,267.19,11221.96,Card
INV-20260204-0093,2026-02-04 01:14,Reliance Smart Bazaar,Ghaziabad,Tomato 1kg,3,603.95,1811.85,11250.08,562.5,267.19,267.19,11221.96,UPI
INV-20260204-0093,2026-02-04 01:14,Reliance Smart Bazaar,Ghaziabad,Apple 1kg,2,673.37,1346.74,11250.08,562.5,267.19,267.19,11221.96,Card
INV-20260204-0093,2026-02-04 01:14,Reliance Smart Bazaar,Ghaziabad,Sugar 1kg,2,622.49,1244.98,11250.08,562.5,267.19,267.19,11221.96,Cash
INV-20260210-0094,2026-02-10 10:53,More Supermarket,Delhi,Good Day Cookies,3,515.61,1546.83,8407.9,420.39,199.69,199.69,8386.89,Card
INV-20260210-0094,2026-02-10 10:53,More Supermarket,Delhi,Maggi Noodles Pack,1,441.26,441.26,8407.9,420.39,199.69,199.69,8386.89,UPI
INV-20260210-0094,2026-02-10 10:53,More Supermarket,Delhi,Fortune Sunflower Oil 1L,1,98.84,98.84,8407.9,420.39,199.69,199.69,8386.89,Cash
INV-20260210-0094,2026-02-10 10:53,More Supermarket,Delhi,Bru Coffee 200g,3,641.39,1924.17,8407.9,420.39,199.69,199.69,8386.89,Card
INV-20260210-0094,2026-02-10 10:53,More Supermarket,Delhi,Horlicks 500g,1,31.06,31.06,8407.9,420.39,199.69,199.69,8386.89,UPI
INV-20260210-0094,2026-02-10 10:53,More Supermarket,Delhi,Banana 1 Dozen,2,434.12,868.24,8407.9,420.39,199.69,199.69,8386.89,UPI
INV-20260210-0094,2026-02-10 10:53,More Supermarket,Delhi,Onion 1kg,1,509.32,509.32,8407.9,420.39,199.69,199.69,8386.89,UPI
INV-20260210-0094,2026-02-10 10:53,More Supermarket,Delhi,Lux Soap,2,106.32,212.64,8407.9,420.39,199.69,199.69,8386.89,UPI
INV-20260210-0094,2026-02-10 10:53,More Supermarket,Delhi,Moong Dal 1kg,3,725.6,2176.8,8407.9,420.39,199.69,199.69,8386.89,Card
INV-20260210-0094,2026-02-10 10:53,More Supermarket,Delhi,Eggs (12 pcs),3,199.58,598.74,8407.9,420.39,199.69,199.69,8386.89,Card
INV-20260408-0095,2026-04-08 14:38,Reliance Smart Bazaar,Ghaziabad,Tata Tea Premium 500g,2,215.58,431.16,7999.12,399.96,189.98,189.98,7979.12,Cash
INV-20260408-0095,2026-04-08 14:38,Reliance Smart Bazaar,Ghaziabad,Moong Dal 1kg,2,693.73,1387.46,7999.12,399.96,189.98,189.98,7979.12,Card
INV-20260408-0095,2026-04-08 14:38,Reliance Smart Bazaar,Ghaziabad,Maggi Noodles Pack,1,408.67,408.67,7999.12,399.96,189.98,189.98,7979.12,Card
INV-20260408-0095,2026-04-08 14:38,Reliance Smart Bazaar,Ghaziabad,Lux Soap,3,335.14,1005.42,7999.12,399.96,189.98,189.98,7979.12,UPI
INV-20260408-0095,2026-04-08 14:38,Reliance Smart Bazaar,Ghaziabad,Toor Dal 1kg,3,674.97,2024.91,7999.12,399.96,189.98,189.98,7979.12,Card
INV-20260408-0095,2026-04-08 14:38,Reliance Smart Bazaar,Ghaziabad,Wheel Detergent,1,391.62,391.62,7999.12,399.96,189.98,189.98,7979.12,UPI
INV-20260408-0095,2026-04-08 14:38,Reliance Smart Bazaar,Ghaziabad,India Gate Basmati Rice 5kg,1,425.68,425.68,7999.12,399.96,189.98,189.98,7979.12,Card
INV-20260408-0095,2026-04-08 14:38,Reliance Smart Bazaar,Ghaziabad,Tata Salt 1kg,1,27.86,27.86,7999.12,399.96,189.98,189.98,7979.12,Cash
INV-20260408-0095,2026-04-08 14:38,Reliance Smart Bazaar,Ghaziabad,Bru Coffee 200g,1,677.0,677.0,7999.12,399.96,189.98,189.98,7979.12,Cash
INV-20260408-0095,2026-04-08 14:38,Reliance Smart Bazaar,Ghaziabad,Banana 1 Dozen,2,330.55,661.1,7999.12,399.96,189.98,189.98,7979.12,Card
INV-20260408-0095,2026-04-08 14:38,Reliance Smart Bazaar,Ghaziabad,Horlicks 500g,1,558.24,558.24,7999.12,399.96,189.98,189.98,7979.12,Card
INV-20260509-0096,2026-05-09 16:38,Reliance Smart Bazaar,Ghaziabad,Parle-G Biscuits,3,550.39,1651.17,6994.58,139.89,171.37,171.37,7197.43,UPI
INV-20260509-0096,2026-05-09 16:38,Reliance Smart Bazaar,Ghaziabad,Toor Dal 1kg,1,237.43,237.43,6994.58,139.89,171.37,171.37,7197.43,Card
INV-20260509-0096,2026-05-09 16:38,Reliance Smart Bazaar,Ghaziabad,Moong Dal 1kg,3,340.54,1021.62,6994.58,139.89,171.37,171.37,7197.43,Card
INV-20260509-0096,2026-05-09 16:38,Reliance Smart Bazaar,Ghaziabad,Sugar 1kg,3,129.9,389.7,6994.58,139.89,171.37,171.37,7197.43,UPI
INV-20260509-0096,2026-05-09 16:38,Reliance Smart Bazaar,Ghaziabad,Maggi Noodles Pack,3,419.15,1257.45,6994.58,139.89,171.37,171.37,7197.43,Card
INV-20260509-0096,2026-05-09 16:38,Reliance Smart Bazaar,Ghaziabad,Wheel Detergent,2,50.72,101.44,6994.58,139.89,171.37,171.37,7197.43,Cash
INV-20260509-0096,2026-05-09 16:38,Reliance Smart Bazaar,Ghaziabad,Tata Salt 1kg,3,302.22,906.66,6994.58,139.89,171.37,171.37,7197.43,Card
INV-20260509-0096,2026-05-09 16:38,Reliance Smart Bazaar,Ghaziabad,Britannia Bread,1,176.04,176.04,6994.58,139.89,171.37,171.37,7197.43,Card
INV-20260509-0096,2026-05-09 16:38,Reliance Smart Bazaar,Ghaziabad,Clinic Plus Shampoo,2,358.14,716.28,6994.58,139.89,171.37,171.37,7197.43,Cash
INV-20260509-0096,2026-05-09 16:38,Reliance Smart Bazaar,Ghaziabad,Bru Coffee 200g,3,141.97,425.91,6994.58,139.89,171.37,171.37,7197.43,UPI
INV-20260509-0096,2026-05-09 16:38,Reliance Smart Bazaar,Ghaziabad,Colgate Toothpaste,1,110.88,110.88,6994.58,139.89,171.37,171.37,7197.43,UPI
INV-20260516-0097,2026-05-16 18:23,Easyday Club,Aligarh,Tomato 1kg,2,667.88,1335.76,11318.81,565.94,268.82,268.82,11290.51,UPI
INV-20260516-0097,2026-05-16 18:23,Easyday Club,Aligarh,Banana 1 Dozen,3,24.59,73.77,11318.81,565.94,268.82,268.82,11290.51,UPI
INV-20260516-0097,2026-05-16 18:23,Easyday Club,Aligarh,Onion 1kg,3,526.86,1580.58,11318.81,565.94,268.82,268.82,11290.51,Card
INV-20260516-0097,2026-05-16 18:23,Easyday Club,Aligarh,Good Day Cookies,2,441.09,882.18,11318.81,565.94,268.82,268.82,11290.51,Cash
INV-20260516-0097,2026-05-16 18:23,Easyday Club,Aligarh,Toor Dal 1kg,1,642.93,642.93,11318.81,565.94,268.82,268.82,11290.51,Cash
INV-20260516-0097,2026-05-16 18:23,Easyday Club,Aligarh,Colgate Toothpaste,3,573.44,1720.32,11318.81,565.94,268.82,268.82,11290.51,Card
INV-20260516-0097,2026-05-16 18:23,Easyday Club,Aligarh,Aashirvaad Atta 5kg,3,442.55,1327.65,11318.81,565.94,268.82,268.82,11290.51,Card
INV-20260516-0097,2026-05-16 18:23,Easyday Club,Aligarh,Tata Salt 1kg,2,97.34,194.68,11318.81,565.94,268.82,268.82,11290.51,Card
INV-20260516-0097,2026-05-16 18:23,Easyday Club,Aligarh,Apple 1kg,2,661.99,1323.98,11318.81,565.94,268.82,268.82,11290.51,Cash
INV-20260516-0097,2026-05-16 18:23,Easyday Club,Aligarh,Clinic Plus Shampoo,3,245.48,736.44,11318.81,565.94,268.82,268.82,11290.51,Cash
INV-20260516-0097,2026-05-16 18:23,Easyday Club,Aligarh,Parle-G Biscuits,1,462.56,462.56,11318.81,565.94,268.82,268.82,11290.51,UPI
INV-20260516-0097,2026-05-16 18:23,Easyday Club,Aligarh,Wheel Detergent,2,518.98,1037.96,11318.81,565.94,268.82,268.82,11290.51,Cash
INV-20260204-0098,2026-02-04 08:44,DMart Hypermarket,Noida,Colgate Toothpaste,2,685.49,1370.98,5944.32,297.22,141.18,141.18,5929.46,Cash
INV-20260204-0098,2026-02-04 08:44,DMart Hypermarket,Noida,Amul Gold Milk 1L,3,354.02,1062.06,5944.32,297.22,141.18,141.18,5929.46,Card
INV-20260204-0098,2026-02-04 08:44,DMart Hypermarket,Noida,Eggs (12 pcs),2,661.45,1322.9,5944.32,297.22,141.18,141.18,5929.46,Card
INV-20260204-0098,2026-02-04 08:44,DMart Hypermarket,Noida,Potato 2kg,1,29.22,29.22,5944.32,297.22,141.18,141.18,5929.46,Card
INV-20260204-0098,2026-02-04 08:44,DMart Hypermarket,Noida,Toor Dal 1kg,1,311.34,311.34,5944.32,297.22,141.18,141.18,5929.46,Card
INV-20260204-0098,2026-02-04 08:44,DMart Hypermarket,Noida,Horlicks 500g,3,615.94,1847.82,5944.32,297.22,141.18,141.18,5929.46,Card
INV-20260509-0099,2026-05-09 21:01,DMart Hypermarket,Noida,Moong Dal 1kg,3,399.18,1197.54,10390.77,519.54,246.78,246.78,10364.79,Cash
INV-20260509-0099,2026-05-09 21:01,DMart Hypermarket,Noida,Banana 1 Dozen,2,62.51,125.02,10390.77,519.54,246.78,246.78,10364.79,UPI
INV-20260509-0099,2026-05-09 21:01,DMart Hypermarket,Noida,Aashirvaad Atta 5kg,2,689.91,1379.82,10390.77,519.54,246.78,246.78,10364.79,Cash
INV-20260509-0099,2026-05-09 21:01,DMart Hypermarket,Noida,Parle-G Biscuits,3,484.65,1453.95,10390.77,519.54,246.78,246.78,10364.79,Card
INV-20260509-0099,2026-05-09 21:01,DMart Hypermarket,Noida,Potato 2kg,2,107.11,214.22,10390.77,519.54,246.78,246.78,10364.79,Cash
INV-20260509-0099,2026-05-09 21:01,DMart Hypermarket,Noida,India Gate Basmati Rice 5kg,1,221.74,221.74,10390.77,519.54,246.78,246.78,10364.79,UPI
INV-20260509-0099,2026-05-09 21:01,DMart Hypermarket,Noida,Britannia Bread,2,428.91,857.82,10390.77,519.54,246.78,246.78,10364.79,Cash
INV-20260509-0099,2026-05-09 21:01,DMart Hypermarket,Noida,Toor Dal 1kg,1,467.51,467.51,10390.77,519.54,246.78,246.78,10364.79,UPI
INV-20260509-0099,2026-05-09 21:01,DMart Hypermarket,Noida,Good Day Cookies,3,628.2,1884.6,10390.77,519.54,246.78,246.78,10364.79,UPI
INV-20260509-0099,2026-05-09 21:01,DMart Hypermarket,Noida,Wheel Detergent,1,385.61,385.61,10390.77,519.54,246.78,246.78,10364.79,Card
INV-20260509-0099,2026-05-09 21:01,DMart Hypermarket,Noida,Horlicks 500g,3,342.5,1027.5,10390.77,519.54,246.78,246.78,10364.79,UPI
INV-20260509-0099,2026-05-09 21:01,DMart Hypermarket,Noida,Colgate Toothpaste,2,587.72,1175.44,10390.77,519.54,246.78,246.78,10364.79,UPI
INV-20260328-0100,2026-03-28 04:59,Reliance Smart Bazaar,Ghaziabad,Moong Dal 1kg,2,726.71,1453.42,8762.51,0.0,219.06,219.06,9200.63,Card
INV-20260328-0100,2026-03-28 04:59,Reliance Smart Bazaar,Ghaziabad,Fortune Sunflower Oil 1L,1,744.92,744.92,8762.51,0.0,219.06,219.06,9200.63,Card
INV-20260328-0100,2026-03-28 04:59,Reliance Smart Bazaar,Ghaziabad,Apple 1kg,1,725.89,725.89,8762.51,0.0,219.06,219.06,9200.63,Card
INV-20260328-0100,2026-03-28 04:59,Reliance Smart Bazaar,Ghaziabad,Britannia Bread,3,648.82,1946.46,8762.51,0.0,219.06,219.06,9200.63,Cash
INV-20260328-0100,2026-03-28 04:59,Reliance Smart Bazaar,Ghaziabad,Wheel Detergent,2,602.21,1204.42,8762.51,0.0,219.06,219.06,9200.63,Card
INV-20260328-0100,2026-03-28 04:59,Reliance Smart Bazaar,Ghaziabad,Amul Gold Milk 1L,1,61.13,61.13,8762.51,0.0,219.06,219.06,9200.63,UPI
INV-20260328-0100,2026-03-28 04:59,Reliance Smart Bazaar,Ghaziabad,Tomato 1kg,3,250.71,752.13,8762.51,0.0,219.06,219.06,9200.63,Card
INV-20260328-0100,2026-03-28 04:59,Reliance Smart Bazaar,Ghaziabad,Good Day Cookies,3,244.94,734.82,8762.51,0.0,219.06,219.06,9200.63,Cash
INV-20260328-0100,2026-03-28 04:59,Reliance Smart Bazaar,Ghaziabad,Onion 1kg,2,569.66,1139.32,8762.51,0.0,219.06,219.06,9200.63,Card
INV-20260129-0101,2026-01-29 08:30,Easyday Club,Aligarh,Apple 1kg,3,343.46,1030.38,3254.32,0.0,81.36,81.36,3417.04,Card
INV-20260129-0101,2026-01-29 08:30,Easyday Club,Aligarh,Fortune Sunflower Oil 1L,2,51.71,103.42,3254.32,0.0,81.36,81.36,3417.04,UPI
INV-20260129-0101,2026-01-29 08:30,Easyday Club,Aligarh,Surf Excel 1kg,2,53.83,107.66,3254.32,0.0,81.36,81.36,3417.04,Cash
INV-20260129-0101,2026-01-29 08:30,Easyday Club,Aligarh,Amul Gold Milk 1L,1,160.0,160.0,3254.32,0.0,81.36,81.36,3417.04,Cash
INV-20260129-0101,2026-01-29 08:30,Easyday Club,Aligarh,Lux Soap,3,87.96,263.88,3254.32,0.0,81.36,81.36,3417.04,Cash
INV-20260129-0101,2026-01-29 08:30,Easyday Club,Aligarh,Eggs (12 pcs),1,516.93,516.93,3254.32,0.0,81.36,81.36,3417.04,Card
INV-20260129-0101,2026-01-29 08:30,Easyday Club,Aligarh,Colgate Toothpaste,3,246.19,738.57,3254.32,0.0,81.36,81.36,3417.04,Card
INV-20260129-0101,2026-01-29 08:30,Easyday Club,Aligarh,Tata Salt 1kg,2,166.74,333.48,3254.32,0.0,81.36,81.36,3417.04,Card
INV-20260409-0102,2026-04-09 03:38,More Supermarket,Delhi,Moong Dal 1kg,2,420.54,841.08,4735.9,236.8,112.48,112.48,4724.06,Cash
INV-20260409-0102,2026-04-09 03:38,More Supermarket,Delhi,Toor Dal 1kg,2,146.62,293.24,4735.9,236.8,112.48,112.48,4724.06,UPI
INV-20260409-0102,2026-04-09 03:38,More Supermarket,Delhi,Parle-G Biscuits,3,124.81,374.43,4735.9,236.8,112.48,112.48,4724.06,Card
INV-20260409-0102,2026-04-09 03:38,More Supermarket,Delhi,Potato 2kg,3,579.35,1738.05,4735.9,236.8,112.48,112.48,4724.06,UPI
INV-20260409-0102,2026-04-09 03:38,More Supermarket,Delhi,Onion 1kg,2,31.68,63.36,4735.9,236.8,112.48,112.48,4724.06,Cash
INV-20260409-0102,2026-04-09 03:38,More Supermarket,Delhi,Colgate Toothpaste,3,339.9,1019.7,4735.9,236.8,112.48,112.48,4724.06,Card
INV-20260409-0102,2026-04-09 03:38,More Supermarket,Delhi,Sugar 1kg,2,203.02,406.04,4735.9,236.8,112.48,112.48,4724.06,Card
INV-20260423-0103,2026-04-23 10:14,DMart Hypermarket,Noida,Banana 1 Dozen,2,148.13,296.26,3197.03,63.94,78.33,78.33,3289.75,Cash
INV-20260423-0103,2026-04-23 10:14,DMart Hypermarket,Noida,Maggi Noodles Pack,1,363.93,363.93,3197.03,63.94,78.33,78.33,3289.75,UPI
INV-20260423-0103,2026-04-23 10:14,DMart Hypermarket,Noida,Bru Coffee 200g,1,321.44,321.44,3197.03,63.94,78.33,78.33,3289.75,UPI
INV-20260423-0103,2026-04-23 10:14,DMart Hypermarket,Noida,Apple 1kg,3,76.49,229.47,3197.03,63.94,78.33,78.33,3289.75,Card
INV-20260423-0103,2026-04-23 10:14,DMart Hypermarket,Noida,Good Day Cookies,2,505.56,1011.12,3197.03,63.94,78.33,78.33,3289.75,Card
INV-20260423-0103,2026-04-23 10:14,DMart Hypermarket,Noida,India Gate Basmati Rice 5kg,1,549.02,549.02,3197.03,63.94,78.33,78.33,3289.75,Cash
INV-20260423-0103,2026-04-23 10:14,DMart Hypermarket,Noida,Colgate Toothpaste,1,425.79,425.79,3197.03,63.94,78.33,78.33,3289.75,UPI
INV-20260111-0104,2026-01-11 05:40,Easyday Club,Aligarh,Clinic Plus Shampoo,2,220.77,441.54,3552.3,177.62,84.37,84.37,3543.42,Cash
INV-20260111-0104,2026-01-11 05:40,Easyday Club,Aligarh,Good Day Cookies,1,536.73,536.73,3552.3,177.62,84.37,84.37,3543.42,Cash
INV-20260111-0104,2026-01-11 05:40,Easyday Club,Aligarh,Horlicks 500g,3,279.34,838.02,3552.3,177.62,84.37,84.37,3543.42,Cash
INV-20260111-0104,2026-01-11 05:40,Easyday Club,Aligarh,Amul Gold Milk 1L,2,415.53,831.06,3552.3,177.62,84.37,84.37,3543.42,Cash
INV-20260111-0104,2026-01-11 05:40,Easyday Club,Aligarh,Maggi Noodles Pack,1,102.25,102.25,3552.3,177.62,84.37,84.37,3543.42,Cash
INV-20260111-0104,2026-01-11 05:40,Easyday Club,Aligarh,Colgate Toothpaste,2,401.35,802.7,3552.3,177.62,84.37,84.37,3543.42,UPI
INV-20260609-0105,2026-06-09 16:24,Spencer's,Lucknow,Good Day Cookies,1,28.56,28.56,3840.42,0.0,96.01,96.01,4032.44,UPI
INV-20260609-0105,2026-06-09 16:24,Spencer's,Lucknow,India Gate Basmati Rice 5kg,2,564.9,1129.8,3840.42,0.0,96.01,96.01,4032.44,Cash
INV-20260609-0105,2026-06-09 16:24,Spencer's,Lucknow,Britannia Bread,1,458.98,458.98,3840.42,0.0,96.01,96.01,4032.44,UPI
INV-20260609-0105,2026-06-09 16:24,Spencer's,Lucknow,Aashirvaad Atta 5kg,3,423.07,1269.21,3840.42,0.0,96.01,96.01,4032.44,Card
INV-20260609-0105,2026-06-09 16:24,Spencer's,Lucknow,Apple 1kg,1,404.45,404.45,3840.42,0.0,96.01,96.01,4032.44,Cash
INV-20260609-0105,2026-06-09 16:24,Spencer's,Lucknow,Banana 1 Dozen,2,274.71,549.42,3840.42,0.0,96.01,96.01,4032.44,Card
INV-20260415-0106,2026-04-15 10:12,More Supermarket,Delhi,Tata Salt 1kg,2,212.06,424.12,7803.72,390.19,185.34,185.34,7784.21,Card
INV-20260415-0106,2026-04-15 10:12,More Supermarket,Delhi,Bru Coffee 200g,1,434.33,434.33,7803.72,390.19,185.34,185.34,7784.21,Card
INV-20260415-0106,2026-04-15 10:12,More Supermarket,Delhi,Wheel Detergent,1,192.68,192.68,7803.72,390.19,185.34,185.34,7784.21,Card
INV-20260415-0106,2026-04-15 10:12,More Supermarket,Delhi,Banana 1 Dozen,1,267.48,267.48,7803.72,390.19,185.34,185.34,7784.21,UPI
INV-20260415-0106,2026-04-15 10:12,More Supermarket,Delhi,Toor Dal 1kg,2,593.3,1186.6,7803.72,390.19,185.34,185.34,7784.21,Card
INV-20260415-0106,2026-04-15 10:12,More Supermarket,Delhi,Parle-G Biscuits,3,296.87,890.61,7803.72,390.19,185.34,185.34,7784.21,Card
INV-20260415-0106,2026-04-15 10:12,More Supermarket,Delhi,Onion 1kg,1,265.89,265.89,7803.72,390.19,185.34,185.34,7784.21,UPI
INV-20260415-0106,2026-04-15 10:12,More Supermarket,Delhi,Colgate Toothpaste,2,690.29,1380.58,7803.72,390.19,185.34,185.34,7784.21,Cash
INV-20260415-0106,2026-04-15 10:12,More Supermarket,Delhi,Good Day Cookies,3,633.29,1899.87,7803.72,390.19,185.34,185.34,7784.21,UPI
INV-20260415-0106,2026-04-15 10:12,More Supermarket,Delhi,Potato 2kg,1,658.01,658.01,7803.72,390.19,185.34,185.34,7784.21,UPI
INV-20260415-0106,2026-04-15 10:12,More Supermarket,Delhi,Amul Gold Milk 1L,3,67.85,203.55,7803.72,390.19,185.34,185.34,7784.21,Cash
INV-20260409-0107,2026-04-09 05:03,Easyday Club,Aligarh,Eggs (12 pcs),3,107.2,321.6,5101.32,0.0,127.53,127.53,5356.38,UPI
INV-20260409-0107,2026-04-09 05:03,Easyday Club,Aligarh,Wheel Detergent,1,483.85,483.85,5101.32,0.0,127.53,127.53,5356.38,Cash
INV-20260409-0107,2026-04-09 05:03,Easyday Club,Aligarh,Sugar 1kg,3,575.88,1727.64,5101.32,0.0,127.53,127.53,5356.38,UPI
INV-20260409-0107,2026-04-09 05:03,Easyday Club,Aligarh,Tata Salt 1kg,1,251.35,251.35,5101.32,0.0,127.53,127.53,5356.38,Card
INV-20260409-0107,2026-04-09 05:03,Easyday Club,Aligarh,Parle-G Biscuits,2,332.18,664.36,5101.32,0.0,127.53,127.53,5356.38,Card
INV-20260409-0107,2026-04-09 05:03,Easyday Club,Aligarh,Colgate Toothpaste,3,550.84,1652.52,5101.32,0.0,127.53,127.53,5356.38,UPI
INV-20260506-0108,2026-05-06 12:48,Easyday Club,Aligarh,Horlicks 500g,2,615.77,1231.54,10266.05,513.3,243.82,243.82,10240.39,UPI
INV-20260506-0108,2026-05-06 12:48,Easyday Club,Aligarh,Toor Dal 1kg,3,597.3,1791.9,10266.05,513.3,243.82,243.82,10240.39,Cash
INV-20260506-0108,2026-05-06 12:48,Easyday Club,Aligarh,Parle-G Biscuits,1,155.32,155.32,10266.05,513.3,243.82,243.82,10240.39,Cash
INV-20260506-0108,2026-05-06 12:48,Easyday Club,Aligarh,Tata Salt 1kg,2,144.29,288.58,10266.05,513.3,243.82,243.82,10240.39,UPI
INV-20260506-0108,2026-05-06 12:48,Easyday Club,Aligarh,Onion 1kg,3,663.64,1990.92,10266.05,513.3,243.82,243.82,10240.39,Cash
INV-20260506-0108,2026-05-06 12:48,Easyday Club,Aligarh,Lux Soap,3,715.27,2145.81,10266.05,513.3,243.82,243.82,10240.39,UPI
INV-20260506-0108,2026-05-06 12:48,Easyday Club,Aligarh,Potato 2kg,1,72.78,72.78,10266.05,513.3,243.82,243.82,10240.39,UPI
INV-20260506-0108,2026-05-06 12:48,Easyday Club,Aligarh,Tata Tea Premium 500g,3,335.19,1005.57,10266.05,513.3,243.82,243.82,10240.39,UPI
INV-20260506-0108,2026-05-06 12:48,Easyday Club,Aligarh,Maggi Noodles Pack,3,153.32,459.96,10266.05,513.3,243.82,243.82,10240.39,Cash
INV-20260506-0108,2026-05-06 12:48,Easyday Club,Aligarh,Clinic Plus Shampoo,2,134.1,268.2,10266.05,513.3,243.82,243.82,10240.39,Card
INV-20260506-0108,2026-05-06 12:48,Easyday Club,Aligarh,Britannia Bread,1,553.25,553.25,10266.05,513.3,243.82,243.82,10240.39,Card
INV-20260506-0108,2026-05-06 12:48,Easyday Club,Aligarh,Fortune Sunflower Oil 1L,3,100.74,302.22,10266.05,513.3,243.82,243.82,10240.39,Card
INV-20260526-0109,2026-05-26 11:29,Easyday Club,Aligarh,Apple 1kg,3,647.3,1941.9,9364.13,0.0,234.1,234.1,9832.33,Cash
INV-20260526-0109,2026-05-26 11:29,Easyday Club,Aligarh,Tata Tea Premium 500g,3,641.57,1924.71,9364.13,0.0,234.1,234.1,9832.33,Card
INV-20260526-0109,2026-05-26 11:29,Easyday Club,Aligarh,Banana 1 Dozen,1,454.29,454.29,9364.13,0.0,234.1,234.1,9832.33,UPI
INV-20260526-0109,2026-05-26 11:29,Easyday Club,Aligarh,Aashirvaad Atta 5kg,3,571.69,1715.07,9364.13,0.0,234.1,234.1,9832.33,Cash
INV-20260526-0109,2026-05-26 11:29,Easyday Club,Aligarh,Colgate Toothpaste,1,78.12,78.12,9364.13,0.0,234.1,234.1,9832.33,Card
INV-20260526-0109,2026-05-26 11:29,Easyday Club,Aligarh,Clinic Plus Shampoo,1,382.43,382.43,9364.13,0.0,234.1,234.1,9832.33,Cash
INV-20260526-0109,2026-05-26 11:29,Easyday Club,Aligarh,India Gate Basmati Rice 5kg,2,133.8,267.6,9364.13,0.0,234.1,234.1,9832.33,Card
INV-20260526-0109,2026-05-26 11:29,Easyday Club,Aligarh,Horlicks 500g,1,460.41,460.41,9364.13,0.0,234.1,234.1,9832.33,Cash
INV-20260526-0109,2026-05-26 11:29,Easyday Club,Aligarh,Lux Soap,1,688.12,688.12,9364.13,0.0,234.1,234.1,9832.33,UPI
INV-20260526-0109,2026-05-26 11:29,Easyday Club,Aligarh,Sugar 1kg,2,725.74,1451.48,9364.13,0.0,234.1,234.1,9832.33,UPI
INV-20260302-0110,2026-03-02 04:09,More Supermarket,Delhi,Apple 1kg,2,173.42,346.84,3086.84,61.74,75.63,75.63,3176.36,Card
INV-20260302-0110,2026-03-02 04:09,More Supermarket,Delhi,Maggi Noodles Pack,1,720.12,720.12,3086.84,61.74,75.63,75.63,3176.36,UPI
INV-20260302-0110,2026-03-02 04:09,More Supermarket,Delhi,Amul Gold Milk 1L,2,129.84,259.68,3086.84,61.74,75.63,75.63,3176.36,Cash
INV-20260302-0110,2026-03-02 04:09,More Supermarket,Delhi,Bru Coffee 200g,1,366.13,366.13,3086.84,61.74,75.63,75.63,3176.36,Card
INV-20260302-0110,2026-03-02 04:09,More Supermarket,Delhi,Britannia Bread,1,401.89,401.89,3086.84,61.74,75.63,75.63,3176.36,Cash
INV-20260302-0110,2026-03-02 04:09,More Supermarket,Delhi,Parle-G Biscuits,3,42.42,127.26,3086.84,61.74,75.63,75.63,3176.36,Card
INV-20260302-0110,2026-03-02 04:09,More Supermarket,Delhi,Tomato 1kg,2,432.46,864.92,3086.84,61.74,75.63,75.63,3176.36,Cash
INV-20260123-0111,2026-01-23 04:55,Reliance Smart Bazaar,Ghaziabad,Apple 1kg,2,463.79,927.58,6493.94,0.0,162.35,162.35,6818.64,UPI
INV-20260123-0111,2026-01-23 04:55,Reliance Smart Bazaar,Ghaziabad,Fortune Sunflower Oil 1L,3,54.09,162.27,6493.94,0.0,162.35,162.35,6818.64,Cash
INV-20260123-0111,2026-01-23 04:55,Reliance Smart Bazaar,Ghaziabad,Eggs (12 pcs),3,275.49,826.47,6493.94,0.0,162.35,162.35,6818.64,Card
INV-20260123-0111,2026-01-23 04:55,Reliance Smart Bazaar,Ghaziabad,Horlicks 500g,2,171.25,342.5,6493.94,0.0,162.35,162.35,6818.64,Card
INV-20260123-0111,2026-01-23 04:55,Reliance Smart Bazaar,Ghaziabad,Colgate Toothpaste,1,658.04,658.04,6493.94,0.0,162.35,162.35,6818.64,Card
INV-20260123-0111,2026-01-23 04:55,Reliance Smart Bazaar,Ghaziabad,Banana 1 Dozen,1,28.37,28.37,6493.94,0.0,162.35,162.35,6818.64,Cash
INV-20260123-0111,2026-01-23 04:55,Reliance Smart Bazaar,Ghaziabad,Sugar 1kg,2,442.55,885.1,6493.94,0.0,162.35,162.35,6818.64,Card
INV-20260123-0111,2026-01-23 04:55,Reliance Smart Bazaar,Ghaziabad,Toor Dal 1kg,3,74.86,224.58,6493.94,0.0,162.35,162.35,6818.64,UPI
INV-20260123-0111,2026-01-23 04:55,Reliance Smart Bazaar,Ghaziabad,Parle-G Biscuits,3,645.55,1936.65,6493.94,0.0,162.35,162.35,6818.64,Card
INV-20260123-0111,2026-01-23 04:55,Reliance Smart Bazaar,Ghaziabad,Lux Soap,1,502.38,502.38,6493.94,0.0,162.35,162.35,6818.64,Cash
INV-20260315-0112,2026-03-15 17:34,More Supermarket,Delhi,Tata Salt 1kg,2,569.34,1138.68,7121.07,356.05,169.13,169.13,7103.28,Card
INV-20260315-0112,2026-03-15 17:34,More Supermarket,Delhi,Surf Excel 1kg,1,591.46,591.46,7121.07,356.05,169.13,169.13,7103.28,Card
INV-20260315-0112,2026-03-15 17:34,More Supermarket,Delhi,Tomato 1kg,3,284.92,854.76,7121.07,356.05,169.13,169.13,7103.28,Card
INV-20260315-0112,2026-03-15 17:34,More Supermarket,Delhi,Potato 2kg,1,173.23,173.23,7121.07,356.05,169.13,169.13,7103.28,UPI
INV-20260315-0112,2026-03-15 17:34,More Supermarket,Delhi,Toor Dal 1kg,1,32.33,32.33,7121.07,356.05,169.13,169.13,7103.28,UPI
INV-20260315-0112,2026-03-15 17:34,More Supermarket,Delhi,Colgate Toothpaste,1,393.29,393.29,7121.07,356.05,169.13,169.13,7103.28,Cash
INV-20260315-0112,2026-03-15 17:34,More Supermarket,Delhi,Horlicks 500g,1,436.56,436.56,7121.07,356.05,169.13,169.13,7103.28,Card
INV-20260315-0112,2026-03-15 17:34,More Supermarket,Delhi,Fortune Sunflower Oil 1L,3,146.66,439.98,7121.07,356.05,169.13,169.13,7103.28,Card
INV-20260315-0112,2026-03-15 17:34,More Supermarket,Delhi,Banana 1 Dozen,3,80.16,240.48,7121.07,356.05,169.13,169.13,7103.28,Cash
INV-20260315-0112,2026-03-15 17:34,More Supermarket,Delhi,India Gate Basmati Rice 5kg,3,180.46,541.38,7121.07,356.05,169.13,169.13,7103.28,UPI
INV-20260315-0112,2026-03-15 17:34,More Supermarket,Delhi,Bru Coffee 200g,3,457.54,1372.62,7121.07,356.05,169.13,169.13,7103.28,Cash
INV-20260315-0112,2026-03-15 17:34,More Supermarket,Delhi,Parle-G Biscuits,3,302.1,906.3,7121.07,356.05,169.13,169.13,7103.28,Card
INV-20260111-0113,2026-01-11 10:54,DMart Hypermarket,Noida,Potato 2kg,1,176.01,176.01,4456.17,0.0,111.4,111.4,4678.97,UPI
INV-20260111-0113,2026-01-11 10:54,DMart Hypermarket,Noida,Aashirvaad Atta 5kg,3,75.13,225.39,4456.17,0.0,111.4,111.4,4678.97,UPI
INV-20260111-0113,2026-01-11 10:54,DMart Hypermarket,Noida,Tata Salt 1kg,1,346.25,346.25,4456.17,0.0,111.4,111.4,4678.97,Card
INV-20260111-0113,2026-01-11 10:54,DMart Hypermarket,Noida,Maggi Noodles Pack,2,285.8,571.6,4456.17,0.0,111.4,111.4,4678.97,UPI
INV-20260111-0113,2026-01-11 10:54,DMart Hypermarket,Noida,Clinic Plus Shampoo,3,546.92,1640.76,4456.17,0.0,111.4,111.4,4678.97,UPI
INV-20260111-0113,2026-01-11 10:54,DMart Hypermarket,Noida,Colgate Toothpaste,1,320.2,320.2,4456.17,0.0,111.4,111.4,4678.97,Card
INV-20260111-0113,2026-01-11 10:54,DMart Hypermarket,Noida,Parle-G Biscuits,2,323.17,646.34,4456.17,0.0,111.4,111.4,4678.97,Cash
INV-20260111-0113,2026-01-11 10:54,DMart Hypermarket,Noida,Eggs (12 pcs),2,264.81,529.62,4456.17,0.0,111.4,111.4,4678.97,Card
INV-20260402-0114,2026-04-02 00:08,DMart Hypermarket,Noida,Amul Gold Milk 1L,2,414.36,828.72,6288.73,314.44,149.36,149.36,6273.01,UPI
INV-20260402-0114,2026-04-02 00:08,DMart Hypermarket,Noida,Sugar 1kg,3,507.62,1522.86,6288.73,314.44,149.36,149.36,6273.01,UPI
INV-20260402-0114,2026-04-02 00:08,DMart Hypermarket,Noida,Banana 1 Dozen,2,491.96,983.92,6288.73,314.44,149.36,149.36,6273.01,Cash
INV-20260402-0114,2026-04-02 00:08,DMart Hypermarket,Noida,Tata Tea Premium 500g,1,533.16,533.16,6288.73,314.44,149.36,149.36,6273.01,Cash
INV-20260402-0114,2026-04-02 00:08,DMart Hypermarket,Noida,Bru Coffee 200g,2,284.34,568.68,6288.73,314.44,149.36,149.36,6273.01,UPI
INV-20260402-0114,2026-04-02 00:08,DMart Hypermarket,Noida,Onion 1kg,3,617.13,1851.39,6288.73,314.44,149.36,149.36,6273.01,Cash
INV-20260105-0115,2026-01-05 18:15,DMart Hypermarket,Noida,Potato 2kg,3,356.3,1068.9,4702.07,94.04,115.2,115.2,4838.43,Card
INV-20260105-0115,2026-01-05 18:15,DMart Hypermarket,Noida,Horlicks 500g,3,151.45,454.35,4702.07,94.04,115.2,115.2,4838.43,Card
INV-20260105-0115,2026-01-05 18:15,DMart Hypermarket,Noida,Britannia Bread,1,253.74,253.74,4702.07,94.04,115.2,115.2,4838.43,UPI
INV-20260105-0115,2026-01-05 18:15,DMart Hypermarket,Noida,Bru Coffee 200g,2,494.22,988.44,4702.07,94.04,115.2,115.2,4838.43,UPI
INV-20260105-0115,2026-01-05 18:15,DMart Hypermarket,Noida,Eggs (12 pcs),2,467.14,934.28,4702.07,94.04,115.2,115.2,4838.43,Card
INV-20260105-0115,2026-01-05 18:15,DMart Hypermarket,Noida,Onion 1kg,1,424.18,424.18,4702.07,94.04,115.2,115.2,4838.43,Cash
INV-20260105-0115,2026-01-05 18:15,DMart Hypermarket,Noida,Good Day Cookies,2,31.62,63.24,4702.07,94.04,115.2,115.2,4838.43,Cash
INV-20260105-0115,2026-01-05 18:15,DMart Hypermarket,Noida,Tomato 1kg,1,514.94,514.94,4702.07,94.04,115.2,115.2,4838.43,UPI
INV-20260507-0116,2026-05-07 05:30,More Supermarket,Delhi,Tata Salt 1kg,1,110.53,110.53,5512.85,275.64,130.93,130.93,5499.07,UPI
INV-20260507-0116,2026-05-07 05:30,More Supermarket,Delhi,Aashirvaad Atta 5kg,1,357.16,357.16,5512.85,275.64,130.93,130.93,5499.07,Cash
INV-20260507-0116,2026-05-07 05:30,More Supermarket,Delhi,Eggs (12 pcs),3,167.27,501.81,5512.85,275.64,130.93,130.93,5499.07,Cash
INV-20260507-0116,2026-05-07 05:30,More Supermarket,Delhi,Amul Gold Milk 1L,1,737.3,737.3,5512.85,275.64,130.93,130.93,5499.07,UPI
INV-20260507-0116,2026-05-07 05:30,More Supermarket,Delhi,Colgate Toothpaste,3,56.18,168.54,5512.85,275.64,130.93,130.93,5499.07,Cash
INV-20260507-0116,2026-05-07 05:30,More Supermarket,Delhi,Banana 1 Dozen,3,312.69,938.07,5512.85,275.64,130.93,130.93,5499.07,Card
INV-20260507-0116,2026-05-07 05:30,More Supermarket,Delhi,Lux Soap,2,323.23,646.46,5512.85,275.64,130.93,130.93,5499.07,UPI
INV-20260507-0116,2026-05-07 05:30,More Supermarket,Delhi,Good Day Cookies,1,563.12,563.12,5512.85,275.64,130.93,130.93,5499.07,Card
INV-20260507-0116,2026-05-07 05:30,More Supermarket,Delhi,Fortune Sunflower Oil 1L,2,744.93,1489.86,5512.85,275.64,130.93,130.93,5499.07,Card
INV-20260524-0117,2026-05-24 03:27,Easyday Club,Aligarh,Tata Salt 1kg,1,429.96,429.96,12900.12,0.0,322.5,322.5,13545.12,Cash
INV-20260524-0117,2026-05-24 03:27,Easyday Club,Aligarh,India Gate Basmati Rice 5kg,2,732.99,1465.98,12900.12,0.0,322.5,322.5,13545.12,Cash
INV-20260524-0117,2026-05-24 03:27,Easyday Club,Aligarh,Surf Excel 1kg,2,256.37,512.74,12900.12,0.0,322.5,322.5,13545.12,UPI
INV-20260524-0117,2026-05-24 03:27,Easyday Club,Aligarh,Moong Dal 1kg,2,289.18,578.36,12900.12,0.0,322.5,322.5,13545.12,UPI
INV-20260524-0117,2026-05-24 03:27,Easyday Club,Aligarh,Colgate Toothpaste,3,339.24,1017.72,12900.12,0.0,322.5,322.5,13545.12,UPI
INV-20260524-0117,2026-05-24 03:27,Easyday Club,Aligarh,Fortune Sunflower Oil 1L,2,658.86,1317.72,12900.12,0.0,322.5,322.5,13545.12,Cash
INV-20260524-0117,2026-05-24 03:27,Easyday Club,Aligarh,Sugar 1kg,3,565.82,1697.46,12900.12,0.0,322.5,322.5,13545.12,Cash
INV-20260524-0117,2026-05-24 03:27,Easyday Club,Aligarh,Aashirvaad Atta 5kg,2,529.64,1059.28,12900.12,0.0,322.5,322.5,13545.12,UPI
INV-20260524-0117,2026-05-24 03:27,Easyday Club,Aligarh,Bru Coffee 200g,2,229.5,459.0,12900.12,0.0,322.5,322.5,13545.12,UPI
INV-20260524-0117,2026-05-24 03:27,Easyday Club,Aligarh,Apple 1kg,3,646.6,1939.8,12900.12,0.0,322.5,322.5,13545.12,Card
INV-20260524-0117,2026-05-24 03:27,Easyday Club,Aligarh,Clinic Plus Shampoo,3,348.52,1045.56,12900.12,0.0,322.5,322.5,13545.12,Cash
INV-20260524-0117,2026-05-24 03:27,Easyday Club,Aligarh,Eggs (12 pcs),2,688.27,1376.54,12900.12,0.0,322.5,322.5,13545.12,Card
INV-20260219-0118,2026-02-19 21:11,More Supermarket,Delhi,Wheel Detergent,3,601.39,1804.17,9324.93,0.0,233.12,233.12,9791.17,Card
INV-20260219-0118,2026-02-19 21:11,More Supermarket,Delhi,Horlicks 500g,2,206.59,413.18,9324.93,0.0,233.12,233.12,9791.17,Cash
INV-20260219-0118,2026-02-19 21:11,More Supermarket,Delhi,Surf Excel 1kg,2,598.63,1197.26,9324.93,0.0,233.12,233.12,9791.17,Cash
INV-20260219-0118,2026-02-19 21:11,More Supermarket,Delhi,Banana 1 Dozen,2,488.32,976.64,9324.93,0.0,233.12,233.12,9791.17,UPI
INV-20260219-0118,2026-02-19 21:11,More Supermarket,Delhi,India Gate Basmati Rice 5kg,1,293.44,293.44,9324.93,0.0,233.12,233.12,9791.17,Cash
INV-20260219-0118,2026-02-19 21:11,More Supermarket,Delhi,Eggs (12 pcs),3,712.03,2136.09,9324.93,0.0,233.12,233.12,9791.17,Card
INV-20260219-0118,2026-02-19 21:11,More Supermarket,Delhi,Tata Tea Premium 500g,3,489.12,1467.36,9324.93,0.0,233.12,233.12,9791.17,UPI
INV-20260219-0118,2026-02-19 21:11,More Supermarket,Delhi,Britannia Bread,1,745.97,745.97,9324.93,0.0,233.12,233.12,9791.17,Card
INV-20260219-0118,2026-02-19 21:11,More Supermarket,Delhi,Maggi Noodles Pack,1,290.82,290.82,9324.93,0.0,233.12,233.12,9791.17,Cash
INV-20260103-0119,2026-01-03 21:02,Spencer's,Lucknow,Good Day Cookies,3,304.98,914.94,6792.33,339.62,161.32,161.32,6775.35,Card
INV-20260103-0119,2026-01-03 21:02,Spencer's,Lucknow,Colgate Toothpaste,2,106.59,213.18,6792.33,339.62,161.32,161.32,6775.35,Cash
INV-20260103-0119,2026-01-03 21:02,Spencer's,Lucknow,Clinic Plus Shampoo,3,414.78,1244.34,6792.33,339.62,161.32,161.32,6775.35,UPI
INV-20260103-0119,2026-01-03 21:02,Spencer's,Lucknow,Horlicks 500g,3,286.09,858.27,6792.33,339.62,161.32,161.32,6775.35,Card
INV-20260103-0119,2026-01-03 21:02,Spencer's,Lucknow,Parle-G Biscuits,2,527.28,1054.56,6792.33,339.62,161.32,161.32,6775.35,UPI
INV-20260103-0119,2026-01-03 21:02,Spencer's,Lucknow,Aashirvaad Atta 5kg,3,704.22,2112.66,6792.33,339.62,161.32,161.32,6775.35,Cash
INV-20260103-0119,2026-01-03 21:02,Spencer's,Lucknow,Tata Tea Premium 500g,2,197.19,394.38,6792.33,339.62,161.32,161.32,6775.35,UPI
INV-20260316-0120,2026-03-16 07:27,DMart Hypermarket,Noida,Onion 1kg,2,285.65,571.3,4659.07,232.95,110.65,110.65,4647.42,Cash
INV-20260316-0120,2026-03-16 07:27,DMart Hypermarket,Noida,Tata Tea Premium 500g,1,701.72,701.72,4659.07,232.95,110.65,110.65,4647.42,Card
INV-20260316-0120,2026-03-16 07:27,DMart Hypermarket,Noida,Maggi Noodles Pack,2,26.73,53.46,4659.07,232.95,110.65,110.65,4647.42,Cash
INV-20260316-0120,2026-03-16 07:27,DMart Hypermarket,Noida,India Gate Basmati Rice 5kg,3,447.3,1341.9,4659.07,232.95,110.65,110.65,4647.42,Card
INV-20260316-0120,2026-03-16 07:27,DMart Hypermarket,Noida,Apple 1kg,1,55.73,55.73,4659.07,232.95,110.65,110.65,4647.42,Card
INV-20260316-0120,2026-03-16 07:27,DMart Hypermarket,Noida,Banana 1 Dozen,1,669.5,669.5,4659.07,232.95,110.65,110.65,4647.42,UPI
INV-20260316-0120,2026-03-16 07:27,DMart Hypermarket,Noida,Tomato 1kg,2,632.73,1265.46,4659.07,232.95,110.65,110.65,4647.42,UPI
INV-20260301-0121,2026-03-01 14:17,DMart Hypermarket,Noida,Amul Gold Milk 1L,1,282.79,282.79,8274.18,0.0,206.85,206.85,8687.88,Cash
INV-20260301-0121,2026-03-01 14:17,DMart Hypermarket,Noida,Wheel Detergent,1,37.09,37.09,8274.18,0.0,206.85,206.85,8687.88,Cash
INV-20260301-0121,2026-03-01 14:17,DMart Hypermarket,Noida,Aashirvaad Atta 5kg,3,615.64,1846.92,8274.18,0.0,206.85,206.85,8687.88,Cash
INV-20260301-0121,2026-03-01 14:17,DMart Hypermarket,Noida,Tata Salt 1kg,1,423.57,423.57,8274.18,0.0,206.85,206.85,8687.88,UPI
INV-20260301-0121,2026-03-01 14:17,DMart Hypermarket,Noida,Clinic Plus Shampoo,1,30.36,30.36,8274.18,0.0,206.85,206.85,8687.88,UPI
INV-20260301-0121,2026-03-01 14:17,DMart Hypermarket,Noida,Lux Soap,1,30.1,30.1,8274.18,0.0,206.85,206.85,8687.88,Card
INV-20260301-0121,2026-03-01 14:17,DMart Hypermarket,Noida,Britannia Bread,1,441.98,441.98,8274.18,0.0,206.85,206.85,8687.88,Cash
INV-20260301-0121,2026-03-01 14:17,DMart Hypermarket,Noida,Sugar 1kg,3,219.15,657.45,8274.18,0.0,206.85,206.85,8687.88,Card
INV-20260301-0121,2026-03-01 14:17,DMart Hypermarket,Noida,Good Day Cookies,2,217.34,434.68,8274.18,0.0,206.85,206.85,8687.88,Cash
INV-20260301-0121,2026-03-01 14:17,DMart Hypermarket,Noida,India Gate Basmati Rice 5kg,3,671.13,2013.39,8274.18,0.0,206.85,206.85,8687.88,Cash
INV-20260301-0121,2026-03-01 14:17,DMart Hypermarket,Noida,Banana 1 Dozen,3,691.95,2075.85,8274.18,0.0,206.85,206.85,8687.88,Card
INV-20260221-0122,2026-02-21 15:06,Reliance Smart Bazaar,Ghaziabad,Britannia Bread,1,352.82,352.82,6391.75,0.0,159.79,159.79,6711.33,Cash
INV-20260221-0122,2026-02-21 15:06,Reliance Smart Bazaar,Ghaziabad,Amul Gold Milk 1L,3,578.4,1735.2,6391.75,0.0,159.79,159.79,6711.33,Card
INV-20260221-0122,2026-02-21 15:06,Reliance Smart Bazaar,Ghaziabad,Toor Dal 1kg,2,540.44,1080.88,6391.75,0.0,159.79,159.79,6711.33,UPI
INV-20260221-0122,2026-02-21 15:06,Reliance Smart Bazaar,Ghaziabad,Apple 1kg,1,227.9,227.9,6391.75,0.0,159.79,159.79,6711.33,UPI
INV-20260221-0122,2026-02-21 15:06,Reliance Smart Bazaar,Ghaziabad,Clinic Plus Shampoo,1,199.78,199.78,6391.75,0.0,159.79,159.79,6711.33,UPI
INV-20260221-0122,2026-02-21 15:06,Reliance Smart Bazaar,Ghaziabad,Sugar 1kg,2,58.41,116.82,6391.75,0.0,159.79,159.79,6711.33,UPI
INV-20260221-0122,2026-02-21 15:06,Reliance Smart Bazaar,Ghaziabad,Colgate Toothpaste,2,80.65,161.3,6391.75,0.0,159.79,159.79,6711.33,UPI
INV-20260221-0122,2026-02-21 15:06,Reliance Smart Bazaar,Ghaziabad,Onion 1kg,2,388.75,777.5,6391.75,0.0,159.79,159.79,6711.33,Cash
INV-20260221-0122,2026-02-21 15:06,Reliance Smart Bazaar,Ghaziabad,Lux Soap,2,461.56,923.12,6391.75,0.0,159.79,159.79,6711.33,Card
INV-20260221-0122,2026-02-21 15:06,Reliance Smart Bazaar,Ghaziabad,Potato 2kg,1,509.61,509.61,6391.75,0.0,159.79,159.79,6711.33,Card
INV-20260221-0122,2026-02-21 15:06,Reliance Smart Bazaar,Ghaziabad,Aashirvaad Atta 5kg,2,153.41,306.82,6391.75,0.0,159.79,159.79,6711.33,Cash
INV-20260531-0123,2026-05-31 20:25,Spencer's,Lucknow,Tata Tea Premium 500g,1,582.61,582.61,4746.86,237.34,112.74,112.74,4735.0,UPI
INV-20260531-0123,2026-05-31 20:25,Spencer's,Lucknow,Eggs (12 pcs),3,369.89,1109.67,4746.86,237.34,112.74,112.74,4735.0,Cash
INV-20260531-0123,2026-05-31 20:25,Spencer's,Lucknow,Apple 1kg,1,444.6,444.6,4746.86,237.34,112.74,112.74,4735.0,UPI
INV-20260531-0123,2026-05-31 20:25,Spencer's,Lucknow,Amul Gold Milk 1L,2,128.91,257.82,4746.86,237.34,112.74,112.74,4735.0,UPI
INV-20260531-0123,2026-05-31 20:25,Spencer's,Lucknow,Wheel Detergent,3,706.5,2119.5,4746.86,237.34,112.74,112.74,4735.0,Card
INV-20260531-0123,2026-05-31 20:25,Spencer's,Lucknow,Onion 1kg,3,28.12,84.36,4746.86,237.34,112.74,112.74,4735.0,UPI
INV-20260531-0123,2026-05-31 20:25,Spencer's,Lucknow,Horlicks 500g,2,74.15,148.3,4746.86,237.34,112.74,112.74,4735.0,Cash
INV-20260411-0124,2026-04-11 02:03,More Supermarket,Delhi,Maggi Noodles Pack,2,244.52,489.04,6615.53,0.0,165.39,165.39,6946.31,UPI
INV-20260411-0124,2026-04-11 02:03,More Supermarket,Delhi,Parle-G Biscuits,2,162.54,325.08,6615.53,0.0,165.39,165.39,6946.31,UPI
INV-20260411-0124,2026-04-11 02:03,More Supermarket,Delhi,Banana 1 Dozen,2,41.37,82.74,6615.53,0.0,165.39,165.39,6946.31,Cash
INV-20260411-0124,2026-04-11 02:03,More Supermarket,Delhi,Good Day Cookies,3,428.65,1285.95,6615.53,0.0,165.39,165.39,6946.31,Card
INV-20260411-0124,2026-04-11 02:03,More Supermarket,Delhi,Lux Soap,2,739.24,1478.48,6615.53,0.0,165.39,165.39,6946.31,Card
INV-20260411-0124,2026-04-11 02:03,More Supermarket,Delhi,Amul Gold Milk 1L,3,584.08,1752.24,6615.53,0.0,165.39,165.39,6946.31,Card
INV-20260411-0124,2026-04-11 02:03,More Supermarket,Delhi,Toor Dal 1kg,2,454.29,908.58,6615.53,0.0,165.39,165.39,6946.31,Card
INV-20260411-0124,2026-04-11 02:03,More Supermarket,Delhi,Britannia Bread,1,293.42,293.42,6615.53,0.0,165.39,165.39,6946.31,UPI
INV-20260302-0125,2026-03-02 09:30,Reliance Smart Bazaar,Ghaziabad,Clinic Plus Shampoo,2,350.32,700.64,9434.29,0.0,235.86,235.86,9906.01,UPI
INV-20260302-0125,2026-03-02 09:30,Reliance Smart Bazaar,Ghaziabad,Tomato 1kg,2,182.79,365.58,9434.29,0.0,235.86,235.86,9906.01,Card
INV-20260302-0125,2026-03-02 09:30,Reliance Smart Bazaar,Ghaziabad,Parle-G Biscuits,2,726.18,1452.36,9434.29,0.0,235.86,235.86,9906.01,UPI
INV-20260302-0125,2026-03-02 09:30,Reliance Smart Bazaar,Ghaziabad,Bru Coffee 200g,1,521.55,521.55,9434.29,0.0,235.86,235.86,9906.01,Card
INV-20260302-0125,2026-03-02 09:30,Reliance Smart Bazaar,Ghaziabad,Horlicks 500g,3,738.06,2214.18,9434.29,0.0,235.86,235.86,9906.01,UPI
INV-20260302-0125,2026-03-02 09:30,Reliance Smart Bazaar,Ghaziabad,Lux Soap,1,123.99,123.99,9434.29,0.0,235.86,235.86,9906.01,Card
INV-20260302-0125,2026-03-02 09:30,Reliance Smart Bazaar,Ghaziabad,Toor Dal 1kg,3,373.39,1120.17,9434.29,0.0,235.86,235.86,9906.01,UPI
INV-20260302-0125,2026-03-02 09:30,Reliance Smart Bazaar,Ghaziabad,Potato 2kg,3,93.96,281.88,9434.29,0.0,235.86,235.86,9906.01,Card
INV-20260302-0125,2026-03-02 09:30,Reliance Smart Bazaar,Ghaziabad,Tata Tea Premium 500g,3,505.48,1516.44,9434.29,0.0,235.86,235.86,9906.01,UPI
INV-20260302-0125,2026-03-02 09:30,Reliance Smart Bazaar,Ghaziabad,Fortune Sunflower Oil 1L,1,675.49,675.49,9434.29,0.0,235.86,235.86,9906.01,Cash
INV-20260302-0125,2026-03-02 09:30,Reliance Smart Bazaar,Ghaziabad,Maggi Noodles Pack,1,462.01,462.01,9434.29,0.0,235.86,235.86,9906.01,Card
INV-20260329-0126,2026-03-29 01:38,More Supermarket,Delhi,Wheel Detergent,3,460.31,1380.93,8674.91,0.0,216.87,216.87,9108.65,UPI
INV-20260329-0126,2026-03-29 01:38,More Supermarket,Delhi,Tomato 1kg,2,199.04,398.08,8674.91,0.0,216.87,216.87,9108.65,Card
INV-20260329-0126,2026-03-29 01:38,More Supermarket,Delhi,Maggi Noodles Pack,3,267.25,801.75,8674.91,0.0,216.87,216.87,9108.65,UPI
INV-20260329-0126,2026-03-29 01:38,More Supermarket,Delhi,Britannia Bread,2,365.62,731.24,8674.91,0.0,216.87,216.87,9108.65,UPI
INV-20260329-0126,2026-03-29 01:38,More Supermarket,Delhi,Aashirvaad Atta 5kg,3,268.11,804.33,8674.91,0.0,216.87,216.87,9108.65,Card
INV-20260329-0126,2026-03-29 01:38,More Supermarket,Delhi,Bru Coffee 200g,2,728.28,1456.56,8674.91,0.0,216.87,216.87,9108.65,UPI
INV-20260329-0126,2026-03-29 01:38,More Supermarket,Delhi,Toor Dal 1kg,3,714.61,2143.83,8674.91,0.0,216.87,216.87,9108.65,Card
INV-20260329-0126,2026-03-29 01:38,More Supermarket,Delhi,Surf Excel 1kg,1,319.97,319.97,8674.91,0.0,216.87,216.87,9108.65,UPI
INV-20260329-0126,2026-03-29 01:38,More Supermarket,Delhi,Moong Dal 1kg,3,212.74,638.22,8674.91,0.0,216.87,216.87,9108.65,Card
INV-20260319-0127,2026-03-19 07:31,Spencer's,Lucknow,Eggs (12 pcs),3,261.53,784.59,7589.84,379.49,180.26,180.26,7570.87,Cash
INV-20260319-0127,2026-03-19 07:31,Spencer's,Lucknow,Surf Excel 1kg,3,637.23,1911.69,7589.84,379.49,180.26,180.26,7570.87,Cash
INV-20260319-0127,2026-03-19 07:31,Spencer's,Lucknow,Banana 1 Dozen,1,691.38,691.38,7589.84,379.49,180.26,180.26,7570.87,UPI
INV-20260319-0127,2026-03-19 07:31,Spencer's,Lucknow,Bru Coffee 200g,2,225.06,450.12,7589.84,379.49,180.26,180.26,7570.87,Cash
INV-20260319-0127,2026-03-19 07:31,Spencer's,Lucknow,Toor Dal 1kg,1,657.88,657.88,7589.84,379.49,180.26,180.26,7570.87,Card
INV-20260319-0127,2026-03-19 07:31,Spencer's,Lucknow,Britannia Bread,2,123.81,247.62,7589.84,379.49,180.26,180.26,7570.87,UPI
INV-20260319-0127,2026-03-19 07:31,Spencer's,Lucknow,Sugar 1kg,1,153.57,153.57,7589.84,379.49,180.26,180.26,7570.87,Cash
INV-20260319-0127,2026-03-19 07:31,Spencer's,Lucknow,Fortune Sunflower Oil 1L,2,274.59,549.18,7589.84,379.49,180.26,180.26,7570.87,Cash
INV-20260319-0127,2026-03-19 07:31,Spencer's,Lucknow,Tomato 1kg,1,244.11,244.11,7589.84,379.49,180.26,180.26,7570.87,Card
INV-20260319-0127,2026-03-19 07:31,Spencer's,Lucknow,Maggi Noodles Pack,1,536.68,536.68,7589.84,379.49,180.26,180.26,7570.87,UPI
INV-20260319-0127,2026-03-19 07:31,Spencer's,Lucknow,Tata Salt 1kg,2,681.51,1363.02,7589.84,379.49,180.26,180.26,7570.87,Card
INV-20260402-0128,2026-04-02 08:01,DMart Hypermarket,Noida,Fortune Sunflower Oil 1L,2,588.78,1177.56,7785.27,155.71,190.74,190.74,8011.04,Card
INV-20260402-0128,2026-04-02 08:01,DMart Hypermarket,Noida,India Gate Basmati Rice 5kg,2,44.1,88.2,7785.27,155.71,190.74,190.74,8011.04,Card
INV-20260402-0128,2026-04-02 08:01,DMart Hypermarket,Noida,Banana 1 Dozen,1,306.56,306.56,7785.27,155.71,190.74,190.74,8011.04,Card
INV-20260402-0128,2026-04-02 08:01,DMart Hypermarket,Noida,Eggs (12 pcs),2,151.23,302.46,7785.27,155.71,190.74,190.74,8011.04,UPI
INV-20260402-0128,2026-04-02 08:01,DMart Hypermarket,Noida,Parle-G Biscuits,2,415.74,831.48,7785.27,155.71,190.74,190.74,8011.04,UPI
INV-20260402-0128,2026-04-02 08:01,DMart Hypermarket,Noida,Aashirvaad Atta 5kg,1,527.26,527.26,7785.27,155.71,190.74,190.74,8011.04,Cash
INV-20260402-0128,2026-04-02 08:01,DMart Hypermarket,Noida,Bru Coffee 200g,3,558.11,1674.33,7785.27,155.71,190.74,190.74,8011.04,Card
INV-20260402-0128,2026-04-02 08:01,DMart Hypermarket,Noida,Horlicks 500g,2,125.74,251.48,7785.27,155.71,190.74,190.74,8011.04,Cash
INV-20260402-0128,2026-04-02 08:01,DMart Hypermarket,Noida,Apple 1kg,2,667.46,1334.92,7785.27,155.71,190.74,190.74,8011.04,Cash
INV-20260402-0128,2026-04-02 08:01,DMart Hypermarket,Noida,Britannia Bread,3,430.34,1291.02,7785.27,155.71,190.74,190.74,8011.04,Card
INV-20260127-0129,2026-01-27 23:44,More Supermarket,Delhi,Tomato 1kg,2,518.95,1037.9,8828.11,441.41,209.67,209.67,8806.04,Cash
INV-20260127-0129,2026-01-27 23:44,More Supermarket,Delhi,Aashirvaad Atta 5kg,1,159.94,159.94,8828.11,441.41,209.67,209.67,8806.04,Card
INV-20260127-0129,2026-01-27 23:44,More Supermarket,Delhi,Tata Salt 1kg,2,151.25,302.5,8828.11,441.41,209.67,209.67,8806.04,UPI
INV-20260127-0129,2026-01-27 23:44,More Supermarket,Delhi,Apple 1kg,3,712.22,2136.66,8828.11,441.41,209.67,209.67,8806.04,Card
INV-20260127-0129,2026-01-27 23:44,More Supermarket,Delhi,Tata Tea Premium 500g,2,348.22,696.44,8828.11,441.41,209.67,209.67,8806.04,Card
INV-20260127-0129,2026-01-27 23:44,More Supermarket,Delhi,Lux Soap,1,481.87,481.87,8828.11,441.41,209.67,209.67,8806.04,UPI
INV-20260127-0129,2026-01-27 23:44,More Supermarket,Delhi,India Gate Basmati Rice 5kg,2,329.88,659.76,8828.11,441.41,209.67,209.67,8806.04,Card
INV-20260127-0129,2026-01-27 23:44,More Supermarket,Delhi,Clinic Plus Shampoo,2,85.78,171.56,8828.11,441.41,209.67,209.67,8806.04,Card
INV-20260127-0129,2026-01-27 23:44,More Supermarket,Delhi,Amul Gold Milk 1L,1,312.27,312.27,8828.11,441.41,209.67,209.67,8806.04,Card
INV-20260127-0129,2026-01-27 23:44,More Supermarket,Delhi,Onion 1kg,2,315.56,631.12,8828.11,441.41,209.67,209.67,8806.04,Cash
INV-20260127-0129,2026-01-27 23:44,More Supermarket,Delhi,Banana 1 Dozen,3,37.85,113.55,8828.11,441.41,209.67,209.67,8806.04,Card
INV-20260127-0129,2026-01-27 23:44,More Supermarket,Delhi,Maggi Noodles Pack,3,708.18,2124.54,8828.11,441.41,209.67,209.67,8806.04,Cash
INV-20260226-0130,2026-02-26 14:29,Reliance Smart Bazaar,Ghaziabad,Banana 1 Dozen,3,527.42,1582.26,5972.25,0.0,149.31,149.31,6270.87,UPI
INV-20260226-0130,2026-02-26 14:29,Reliance Smart Bazaar,Ghaziabad,Britannia Bread,3,92.76,278.28,5972.25,0.0,149.31,149.31,6270.87,Cash
INV-20260226-0130,2026-02-26 14:29,Reliance Smart Bazaar,Ghaziabad,Lux Soap,2,707.03,1414.06,5972.25,0.0,149.31,149.31,6270.87,Cash
INV-20260226-0130,2026-02-26 14:29,Reliance Smart Bazaar,Ghaziabad,Moong Dal 1kg,2,383.79,767.58,5972.25,0.0,149.31,149.31,6270.87,Card
INV-20260226-0130,2026-02-26 14:29,Reliance Smart Bazaar,Ghaziabad,Sugar 1kg,2,80.56,161.12,5972.25,0.0,149.31,149.31,6270.87,Cash
INV-20260226-0130,2026-02-26 14:29,Reliance Smart Bazaar,Ghaziabad,Tata Salt 1kg,3,589.65,1768.95,5972.25,0.0,149.31,149.31,6270.87,Cash
INV-20260315-0131,2026-03-15 05:17,Easyday Club,Aligarh,Onion 1kg,2,364.16,728.32,5634.87,0.0,140.87,140.87,5916.61,UPI
INV-20260315-0131,2026-03-15 05:17,Easyday Club,Aligarh,Toor Dal 1kg,2,241.21,482.42,5634.87,0.0,140.87,140.87,5916.61,UPI
INV-20260315-0131,2026-03-15 05:17,Easyday Club,Aligarh,Colgate Toothpaste,1,637.22,637.22,5634.87,0.0,140.87,140.87,5916.61,Cash
INV-20260315-0131,2026-03-15 05:17,Easyday Club,Aligarh,Apple 1kg,2,538.61,1077.22,5634.87,0.0,140.87,140.87,5916.61,Card
INV-20260315-0131,2026-03-15 05:17,Easyday Club,Aligarh,Aashirvaad Atta 5kg,3,294.44,883.32,5634.87,0.0,140.87,140.87,5916.61,UPI
INV-20260315-0131,2026-03-15 05:17,Easyday Club,Aligarh,Fortune Sunflower Oil 1L,2,727.03,1454.06,5634.87,0.0,140.87,140.87,5916.61,Cash
INV-20260315-0131,2026-03-15 05:17,Easyday Club,Aligarh,Surf Excel 1kg,1,372.31,372.31,5634.87,0.0,140.87,140.87,5916.61,Cash
INV-20260410-0132,2026-04-10 07:35,Spencer's,Lucknow,Colgate Toothpaste,2,687.07,1374.14,10007.21,200.14,245.18,245.18,10297.43,UPI
INV-20260410-0132,2026-04-10 07:35,Spencer's,Lucknow,Banana 1 Dozen,1,414.05,414.05,10007.21,200.14,245.18,245.18,10297.43,Cash
INV-20260410-0132,2026-04-10 07:35,Spencer's,Lucknow,Bru Coffee 200g,3,430.07,1290.21,10007.21,200.14,245.18,245.18,10297.43,Card
INV-20260410-0132,2026-04-10 07:35,Spencer's,Lucknow,Horlicks 500g,1,662.0,662.0,10007.21,200.14,245.18,245.18,10297.43,UPI
INV-20260410-0132,2026-04-10 07:35,Spencer's,Lucknow,Surf Excel 1kg,1,526.93,526.93,10007.21,200.14,245.18,245.18,10297.43,UPI
INV-20260410-0132,2026-04-10 07:35,Spencer's,Lucknow,India Gate Basmati Rice 5kg,2,680.59,1361.18,10007.21,200.14,245.18,245.18,10297.43,Cash
INV-20260410-0132,2026-04-10 07:35,Spencer's,Lucknow,Fortune Sunflower Oil 1L,2,597.55,1195.1,10007.21,200.14,245.18,245.18,10297.43,UPI
INV-20260410-0132,2026-04-10 07:35,Spencer's,Lucknow,Eggs (12 pcs),2,412.29,824.58,10007.21,200.14,245.18,245.18,10297.43,Card
INV-20260410-0132,2026-04-10 07:35,Spencer's,Lucknow,Onion 1kg,3,671.5,2014.5,10007.21,200.14,245.18,245.18,10297.43,Card
INV-20260410-0132,2026-04-10 07:35,Spencer's,Lucknow,Clinic Plus Shampoo,1,344.52,344.52,10007.21,200.14,245.18,245.18,10297.43,Cash
INV-20260108-0133,2026-01-08 20:39,DMart Hypermarket,Noida,Britannia Bread,3,45.27,135.81,7612.18,0.0,190.3,190.3,7992.78,Card
INV-20260108-0133,2026-01-08 20:39,DMart Hypermarket,Noida,Surf Excel 1kg,3,241.52,724.56,7612.18,0.0,190.3,190.3,7992.78,Card
INV-20260108-0133,2026-01-08 20:39,DMart Hypermarket,Noida,Tata Tea Premium 500g,3,475.84,1427.52,7612.18,0.0,190.3,190.3,7992.78,UPI
INV-20260108-0133,2026-01-08 20:39,DMart Hypermarket,Noida,Eggs (12 pcs),2,284.23,568.46,7612.18,0.0,190.3,190.3,7992.78,Cash
INV-20260108-0133,2026-01-08 20:39,DMart Hypermarket,Noida,Tata Salt 1kg,3,293.55,880.65,7612.18,0.0,190.3,190.3,7992.78,Cash
INV-20260108-0133,2026-01-08 20:39,DMart Hypermarket,Noida,Aashirvaad Atta 5kg,3,328.76,986.28,7612.18,0.0,190.3,190.3,7992.78,Cash
INV-20260108-0133,2026-01-08 20:39,DMart Hypermarket,Noida,Sugar 1kg,1,660.98,660.98,7612.18,0.0,190.3,190.3,7992.78,UPI
INV-20260108-0133,2026-01-08 20:39,DMart Hypermarket,Noida,Potato 2kg,3,94.45,283.35,7612.18,0.0,190.3,190.3,7992.78,Cash
INV-20260108-0133,2026-01-08 20:39,DMart Hypermarket,Noida,India Gate Basmati Rice 5kg,3,49.04,147.12,7612.18,0.0,190.3,190.3,7992.78,Card
INV-20260108-0133,2026-01-08 20:39,DMart Hypermarket,Noida,Tomato 1kg,1,265.26,265.26,7612.18,0.0,190.3,190.3,7992.78,Card
INV-20260108-0133,2026-01-08 20:39,DMart Hypermarket,Noida,Wheel Detergent,3,366.23,1098.69,7612.18,0.0,190.3,190.3,7992.78,Card
INV-20260108-0133,2026-01-08 20:39,DMart Hypermarket,Noida,Clinic Plus Shampoo,3,144.5,433.5,7612.18,0.0,190.3,190.3,7992.78,Card
INV-20260524-0134,2026-05-24 07:05,More Supermarket,Delhi,Parle-G Biscuits,1,673.91,673.91,7617.09,152.34,186.62,186.62,7837.99,UPI
INV-20260524-0134,2026-05-24 07:05,More Supermarket,Delhi,Eggs (12 pcs),2,306.56,613.12,7617.09,152.34,186.62,186.62,7837.99,Card
INV-20260524-0134,2026-05-24 07:05,More Supermarket,Delhi,India Gate Basmati Rice 5kg,2,486.77,973.54,7617.09,152.34,186.62,186.62,7837.99,UPI
INV-20260524-0134,2026-05-24 07:05,More Supermarket,Delhi,Tata Tea Premium 500g,1,684.73,684.73,7617.09,152.34,186.62,186.62,7837.99,Card
INV-20260524-0134,2026-05-24 07:05,More Supermarket,Delhi,Colgate Toothpaste,1,745.24,745.24,7617.09,152.34,186.62,186.62,7837.99,UPI
INV-20260524-0134,2026-05-24 07:05,More Supermarket,Delhi,Amul Gold Milk 1L,2,225.54,451.08,7617.09,152.34,186.62,186.62,7837.99,UPI
INV-20260524-0134,2026-05-24 07:05,More Supermarket,Delhi,Bru Coffee 200g,2,515.47,1030.94,7617.09,152.34,186.62,186.62,7837.99,Card
INV-20260524-0134,2026-05-24 07:05,More Supermarket,Delhi,Surf Excel 1kg,2,338.6,677.2,7617.09,152.34,186.62,186.62,7837.99,UPI
INV-20260524-0134,2026-05-24 07:05,More Supermarket,Delhi,Maggi Noodles Pack,1,508.64,508.64,7617.09,152.34,186.62,186.62,7837.99,Cash
INV-20260524-0134,2026-05-24 07:05,More Supermarket,Delhi,Onion 1kg,1,277.91,277.91,7617.09,152.34,186.62,186.62,7837.99,Cash
INV-20260524-0134,2026-05-24 07:05,More Supermarket,Delhi,Fortune Sunflower Oil 1L,1,415.88,415.88,7617.09,152.34,186.62,186.62,7837.99,UPI
INV-20260524-0134,2026-05-24 07:05,More Supermarket,Delhi,Clinic Plus Shampoo,3,188.3,564.9,7617.09,152.34,186.62,186.62,7837.99,UPI
INV-20260508-0135,2026-05-08 12:29,Easyday Club,Aligarh,Surf Excel 1kg,1,466.28,466.28,7150.74,143.01,175.19,175.19,7358.11,Cash
INV-20260508-0135,2026-05-08 12:29,Easyday Club,Aligarh,India Gate Basmati Rice 5kg,2,601.86,1203.72,7150.74,143.01,175.19,175.19,7358.11,UPI
INV-20260508-0135,2026-05-08 12:29,Easyday Club,Aligarh,Aashirvaad Atta 5kg,3,429.82,1289.46,7150.74,143.01,175.19,175.19,7358.11,Card
INV-20260508-0135,2026-05-08 12:29,Easyday Club,Aligarh,Wheel Detergent,1,132.47,132.47,7150.74,143.01,175.19,175.19,7358.11,Cash
INV-20260508-0135,2026-05-08 12:29,Easyday Club,Aligarh,Tata Salt 1kg,3,215.41,646.23,7150.74,143.01,175.19,175.19,7358.11,Card
INV-20260508-0135,2026-05-08 12:29,Easyday Club,Aligarh,Good Day Cookies,3,698.37,2095.11,7150.74,143.01,175.19,175.19,7358.11,UPI
INV-20260508-0135,2026-05-08 12:29,Easyday Club,Aligarh,Lux Soap,2,429.61,859.22,7150.74,143.01,175.19,175.19,7358.11,UPI
INV-20260508-0135,2026-05-08 12:29,Easyday Club,Aligarh,Eggs (12 pcs),1,458.25,458.25,7150.74,143.01,175.19,175.19,7358.11,UPI
INV-20260524-0136,2026-05-24 08:50,Spencer's,Lucknow,Banana 1 Dozen,1,147.4,147.4,8658.72,432.94,205.64,205.64,8637.06,UPI
INV-20260524-0136,2026-05-24 08:50,Spencer's,Lucknow,Britannia Bread,1,252.95,252.95,8658.72,432.94,205.64,205.64,8637.06,Cash
INV-20260524-0136,2026-05-24 08:50,Spencer's,Lucknow,Potato 2kg,2,726.95,1453.9,8658.72,432.94,205.64,205.64,8637.06,Card
INV-20260524-0136,2026-05-24 08:50,Spencer's,Lucknow,Apple 1kg,3,697.1,2091.3,8658.72,432.94,205.64,205.64,8637.06,Cash
INV-20260524-0136,2026-05-24 08:50,Spencer's,Lucknow,Tata Tea Premium 500g,1,292.72,292.72,8658.72,432.94,205.64,205.64,8637.06,Card
INV-20260524-0136,2026-05-24 08:50,Spencer's,Lucknow,Clinic Plus Shampoo,3,411.35,1234.05,8658.72,432.94,205.64,205.64,8637.06,Card
INV-20260524-0136,2026-05-24 08:50,Spencer's,Lucknow,Moong Dal 1kg,1,542.13,542.13,8658.72,432.94,205.64,205.64,8637.06,Card
INV-20260524-0136,2026-05-24 08:50,Spencer's,Lucknow,Surf Excel 1kg,2,230.26,460.52,8658.72,432.94,205.64,205.64,8637.06,Cash
INV-20260524-0136,2026-05-24 08:50,Spencer's,Lucknow,Horlicks 500g,3,548.84,1646.52,8658.72,432.94,205.64,205.64,8637.06,UPI
INV-20260524-0136,2026-05-24 08:50,Spencer's,Lucknow,Parle-G Biscuits,1,27.34,27.34,8658.72,432.94,205.64,205.64,8637.06,UPI
INV-20260524-0136,2026-05-24 08:50,Spencer's,Lucknow,Fortune Sunflower Oil 1L,1,509.89,509.89,8658.72,432.94,205.64,205.64,8637.06,UPI
INV-20260406-0137,2026-04-06 11:29,Spencer's,Lucknow,Onion 1kg,2,501.37,1002.74,8466.39,0.0,211.66,211.66,8889.71,Cash
INV-20260406-0137,2026-04-06 11:29,Spencer's,Lucknow,Surf Excel 1kg,2,45.48,90.96,8466.39,0.0,211.66,211.66,8889.71,Card
INV-20260406-0137,2026-04-06 11:29,Spencer's,Lucknow,Tomato 1kg,2,204.49,408.98,8466.39,0.0,211.66,211.66,8889.71,Card
INV-20260406-0137,2026-04-06 11:29,Spencer's,Lucknow,Sugar 1kg,2,458.08,916.16,8466.39,0.0,211.66,211.66,8889.71,UPI
INV-20260406-0137,2026-04-06 11:29,Spencer's,Lucknow,Parle-G Biscuits,2,464.03,928.06,8466.39,0.0,211.66,211.66,8889.71,UPI
INV-20260406-0137,2026-04-06 11:29,Spencer's,Lucknow,Fortune Sunflower Oil 1L,2,130.37,260.74,8466.39,0.0,211.66,211.66,8889.71,UPI
INV-20260406-0137,2026-04-06 11:29,Spencer's,Lucknow,India Gate Basmati Rice 5kg,3,375.14,1125.42,8466.39,0.0,211.66,211.66,8889.71,Cash
INV-20260406-0137,2026-04-06 11:29,Spencer's,Lucknow,Potato 2kg,3,346.35,1039.05,8466.39,0.0,211.66,211.66,8889.71,UPI
INV-20260406-0137,2026-04-06 11:29,Spencer's,Lucknow,Toor Dal 1kg,1,370.55,370.55,8466.39,0.0,211.66,211.66,8889.71,Cash
INV-20260406-0137,2026-04-06 11:29,Spencer's,Lucknow,Eggs (12 pcs),3,380.73,1142.19,8466.39,0.0,211.66,211.66,8889.71,Card
INV-20260406-0137,2026-04-06 11:29,Spencer's,Lucknow,Aashirvaad Atta 5kg,2,572.83,1145.66,8466.39,0.0,211.66,211.66,8889.71,Card
INV-20260406-0137,2026-04-06 11:29,Spencer's,Lucknow,Amul Gold Milk 1L,1,35.88,35.88,8466.39,0.0,211.66,211.66,8889.71,Cash
INV-20260515-0138,2026-05-15 07:56,DMart Hypermarket,Noida,Banana 1 Dozen,1,305.58,305.58,8567.36,0.0,214.18,214.18,8995.72,UPI
INV-20260515-0138,2026-05-15 07:56,DMart Hypermarket,Noida,Amul Gold Milk 1L,2,286.19,572.38,8567.36,0.0,214.18,214.18,8995.72,Card
INV-20260515-0138,2026-05-15 07:56,DMart Hypermarket,Noida,Colgate Toothpaste,2,88.33,176.66,8567.36,0.0,214.18,214.18,8995.72,UPI
INV-20260515-0138,2026-05-15 07:56,DMart Hypermarket,Noida,Good Day Cookies,1,209.78,209.78,8567.36,0.0,214.18,214.18,8995.72,UPI
INV-20260515-0138,2026-05-15 07:56,DMart Hypermarket,Noida,Apple 1kg,3,484.07,1452.21,8567.36,0.0,214.18,214.18,8995.72,Cash
INV-20260515-0138,2026-05-15 07:56,DMart Hypermarket,Noida,Lux Soap,1,292.46,292.46,8567.36,0.0,214.18,214.18,8995.72,Card
INV-20260515-0138,2026-05-15 07:56,DMart Hypermarket,Noida,Moong Dal 1kg,1,556.77,556.77,8567.36,0.0,214.18,214.18,8995.72,UPI
INV-20260515-0138,2026-05-15 07:56,DMart Hypermarket,Noida,Tomato 1kg,3,411.97,1235.91,8567.36,0.0,214.18,214.18,8995.72,UPI
INV-20260515-0138,2026-05-15 07:56,DMart Hypermarket,Noida,Horlicks 500g,2,583.4,1166.8,8567.36,0.0,214.18,214.18,8995.72,Cash
INV-20260515-0138,2026-05-15 07:56,DMart Hypermarket,Noida,Potato 2kg,3,377.79,1133.37,8567.36,0.0,214.18,214.18,8995.72,Card
INV-20260515-0138,2026-05-15 07:56,DMart Hypermarket,Noida,Surf Excel 1kg,3,488.48,1465.44,8567.36,0.0,214.18,214.18,8995.72,UPI
INV-20260410-0139,2026-04-10 23:01,More Supermarket,Delhi,Bru Coffee 200g,1,564.58,564.58,8675.42,433.77,206.04,206.04,8653.73,Card
INV-20260410-0139,2026-04-10 23:01,More Supermarket,Delhi,India Gate Basmati Rice 5kg,3,484.18,1452.54,8675.42,433.77,206.04,206.04,8653.73,Cash
INV-20260410-0139,2026-04-10 23:01,More Supermarket,Delhi,Potato 2kg,1,616.52,616.52,8675.42,433.77,206.04,206.04,8653.73,Card
INV-20260410-0139,2026-04-10 23:01,More Supermarket,Delhi,Maggi Noodles Pack,1,44.81,44.81,8675.42,433.77,206.04,206.04,8653.73,Card
INV-20260410-0139,2026-04-10 23:01,More Supermarket,Delhi,Lux Soap,3,416.29,1248.87,8675.42,433.77,206.04,206.04,8653.73,UPI
INV-20260410-0139,2026-04-10 23:01,More Supermarket,Delhi,Tomato 1kg,3,32.45,97.35,8675.42,433.77,206.04,206.04,8653.73,Cash
INV-20260410-0139,2026-04-10 23:01,More Supermarket,Delhi,Sugar 1kg,3,126.88,380.64,8675.42,433.77,206.04,206.04,8653.73,Cash
INV-20260410-0139,2026-04-10 23:01,More Supermarket,Delhi,Toor Dal 1kg,2,730.92,1461.84,8675.42,433.77,206.04,206.04,8653.73,Card
INV-20260410-0139,2026-04-10 23:01,More Supermarket,Delhi,Clinic Plus Shampoo,3,435.81,1307.43,8675.42,433.77,206.04,206.04,8653.73,Cash
INV-20260410-0139,2026-04-10 23:01,More Supermarket,Delhi,Wheel Detergent,3,500.28,1500.84,8675.42,433.77,206.04,206.04,8653.73,UPI
INV-20260513-0140,2026-05-13 03:24,Easyday Club,Aligarh,Maggi Noodles Pack,1,44.81,44.81,9855.66,197.11,241.46,241.46,10141.47,Card
INV-20260513-0140,2026-05-13 03:24,Easyday Club,Aligarh,Wheel Detergent,1,178.21,178.21,9855.66,197.11,241.46,241.46,10141.47,Card
INV-20260513-0140,2026-05-13 03:24,Easyday Club,Aligarh,Lux Soap,3,680.36,2041.08,9855.66,197.11,241.46,241.46,10141.47,Cash
INV-20260513-0140,2026-05-13 03:24,Easyday Club,Aligarh,Amul Gold Milk 1L,3,705.34,2116.02,9855.66,197.11,241.46,241.46,10141.47,Cash
INV-20260513-0140,2026-05-13 03:24,Easyday Club,Aligarh,Banana 1 Dozen,3,89.34,268.02,9855.66,197.11,241.46,241.46,10141.47,Card
INV-20260513-0140,2026-05-13 03:24,Easyday Club,Aligarh,Parle-G Biscuits,3,693.83,2081.49,9855.66,197.11,241.46,241.46,10141.47,Card
INV-20260513-0140,2026-05-13 03:24,Easyday Club,Aligarh,Surf Excel 1kg,2,73.32,146.64,9855.66,197.11,241.46,241.46,10141.47,UPI
INV-20260513-0140,2026-05-13 03:24,Easyday Club,Aligarh,Eggs (12 pcs),3,655.69,1967.07,9855.66,197.11,241.46,241.46,10141.47,UPI
INV-20260513-0140,2026-05-13 03:24,Easyday Club,Aligarh,Tata Salt 1kg,3,337.44,1012.32,9855.66,197.11,241.46,241.46,10141.47,Cash
INV-20260414-0141,2026-04-14 08:21,DMart Hypermarket,Noida,Colgate Toothpaste,3,650.41,1951.23,10264.7,205.29,251.49,251.49,10562.39,UPI
INV-20260414-0141,2026-04-14 08:21,DMart Hypermarket,Noida,Tata Salt 1kg,1,480.16,480.16,10264.7,205.29,251.49,251.49,10562.39,UPI
INV-20260414-0141,2026-04-14 08:21,DMart Hypermarket,Noida,Bru Coffee 200g,1,740.78,740.78,10264.7,205.29,251.49,251.49,10562.39,UPI
INV-20260414-0141,2026-04-14 08:21,DMart Hypermarket,Noida,Apple 1kg,2,517.76,1035.52,10264.7,205.29,251.49,251.49,10562.39,UPI
INV-20260414-0141,2026-04-14 08:21,DMart Hypermarket,Noida,Tomato 1kg,1,679.4,679.4,10264.7,205.29,251.49,251.49,10562.39,Card
INV-20260414-0141,2026-04-14 08:21,DMart Hypermarket,Noida,Good Day Cookies,3,226.56,679.68,10264.7,205.29,251.49,251.49,10562.39,Cash
INV-20260414-0141,2026-04-14 08:21,DMart Hypermarket,Noida,Britannia Bread,3,707.59,2122.77,10264.7,205.29,251.49,251.49,10562.39,UPI
INV-20260414-0141,2026-04-14 08:21,DMart Hypermarket,Noida,Parle-G Biscuits,3,465.82,1397.46,10264.7,205.29,251.49,251.49,10562.39,UPI
INV-20260414-0141,2026-04-14 08:21,DMart Hypermarket,Noida,Potato 2kg,3,368.08,1104.24,10264.7,205.29,251.49,251.49,10562.39,Cash
INV-20260414-0141,2026-04-14 08:21,DMart Hypermarket,Noida,Onion 1kg,2,36.73,73.46,10264.7,205.29,251.49,251.49,10562.39,Card
INV-20260127-0142,2026-01-27 11:22,Reliance Smart Bazaar,Ghaziabad,Amul Gold Milk 1L,3,573.13,1719.39,7049.99,352.5,167.44,167.44,7032.37,Cash
INV-20260127-0142,2026-01-27 11:22,Reliance Smart Bazaar,Ghaziabad,Maggi Noodles Pack,3,628.71,1886.13,7049.99,352.5,167.44,167.44,7032.37,Cash
INV-20260127-0142,2026-01-27 11:22,Reliance Smart Bazaar,Ghaziabad,Bru Coffee 200g,2,261.6,523.2,7049.99,352.5,167.44,167.44,7032.37,Cash
INV-20260127-0142,2026-01-27 11:22,Reliance Smart Bazaar,Ghaziabad,Moong Dal 1kg,3,597.33,1791.99,7049.99,352.5,167.44,167.44,7032.37,Card
INV-20260127-0142,2026-01-27 11:22,Reliance Smart Bazaar,Ghaziabad,Parle-G Biscuits,2,114.44,228.88,7049.99,352.5,167.44,167.44,7032.37,UPI
INV-20260127-0142,2026-01-27 11:22,Reliance Smart Bazaar,Ghaziabad,Tata Salt 1kg,2,72.55,145.1,7049.99,352.5,167.44,167.44,7032.37,Cash
INV-20260127-0142,2026-01-27 11:22,Reliance Smart Bazaar,Ghaziabad,Surf Excel 1kg,2,377.65,755.3,7049.99,352.5,167.44,167.44,7032.37,UPI
INV-20260418-0143,2026-04-18 05:50,DMart Hypermarket,Noida,Fortune Sunflower Oil 1L,1,653.47,653.47,8352.43,417.62,198.37,198.37,8331.55,UPI
INV-20260418-0143,2026-04-18 05:50,DMart Hypermarket,Noida,Potato 2kg,2,340.07,680.14,8352.43,417.62,198.37,198.37,8331.55,UPI
INV-20260418-0143,2026-04-18 05:50,DMart Hypermarket,Noida,Tomato 1kg,1,182.71,182.71,8352.43,417.62,198.37,198.37,8331.55,Cash
INV-20260418-0143,2026-04-18 05:50,DMart Hypermarket,Noida,Good Day Cookies,1,620.59,620.59,8352.43,417.62,198.37,198.37,8331.55,UPI
INV-20260418-0143,2026-04-18 05:50,DMart Hypermarket,Noida,Onion 1kg,1,255.12,255.12,8352.43,417.62,198.37,198.37,8331.55,UPI
INV-20260418-0143,2026-04-18 05:50,DMart Hypermarket,Noida,Surf Excel 1kg,2,353.94,707.88,8352.43,417.62,198.37,198.37,8331.55,UPI
INV-20260418-0143,2026-04-18 05:50,DMart Hypermarket,Noida,Banana 1 Dozen,3,189.92,569.76,8352.43,417.62,198.37,198.37,8331.55,Card
INV-20260418-0143,2026-04-18 05:50,DMart Hypermarket,Noida,Toor Dal 1kg,3,739.32,2217.96,8352.43,417.62,198.37,198.37,8331.55,UPI
INV-20260418-0143,2026-04-18 05:50,DMart Hypermarket,Noida,Apple 1kg,1,536.09,536.09,8352.43,417.62,198.37,198.37,8331.55,Cash
INV-20260418-0143,2026-04-18 05:50,DMart Hypermarket,Noida,Bru Coffee 200g,3,502.41,1507.23,8352.43,417.62,198.37,198.37,8331.55,Cash
INV-20260418-0143,2026-04-18 05:50,DMart Hypermarket,Noida,Aashirvaad Atta 5kg,2,210.74,421.48,8352.43,417.62,198.37,198.37,8331.55,Cash
INV-20260206-0144,2026-02-06 08:55,More Supermarket,Delhi,Apple 1kg,1,137.86,137.86,7205.09,360.25,171.12,171.12,7187.08,UPI
INV-20260206-0144,2026-02-06 08:55,More Supermarket,Delhi,Eggs (12 pcs),3,480.3,1440.9,7205.09,360.25,171.12,171.12,7187.08,UPI
INV-20260206-0144,2026-02-06 08:55,More Supermarket,Delhi,Wheel Detergent,2,218.38,436.76,7205.09,360.25,171.12,171.12,7187.08,Cash
INV-20260206-0144,2026-02-06 08:55,More Supermarket,Delhi,Clinic Plus Shampoo,1,558.65,558.65,7205.09,360.25,171.12,171.12,7187.08,UPI
INV-20260206-0144,2026-02-06 08:55,More Supermarket,Delhi,Lux Soap,3,59.34,178.02,7205.09,360.25,171.12,171.12,7187.08,Cash
INV-20260206-0144,2026-02-06 08:55,More Supermarket,Delhi,Tata Salt 1kg,3,418.1,1254.3,7205.09,360.25,171.12,171.12,7187.08,Card
INV-20260206-0144,2026-02-06 08:55,More Supermarket,Delhi,Maggi Noodles Pack,2,564.45,1128.9,7205.09,360.25,171.12,171.12,7187.08,Cash
INV-20260206-0144,2026-02-06 08:55,More Supermarket,Delhi,Onion 1kg,2,244.9,489.8,7205.09,360.25,171.12,171.12,7187.08,Cash
INV-20260206-0144,2026-02-06 08:55,More Supermarket,Delhi,India Gate Basmati Rice 5kg,1,239.72,239.72,7205.09,360.25,171.12,171.12,7187.08,Card
INV-20260206-0144,2026-02-06 08:55,More Supermarket,Delhi,Sugar 1kg,1,76.93,76.93,7205.09,360.25,171.12,171.12,7187.08,UPI
INV-20260206-0144,2026-02-06 08:55,More Supermarket,Delhi,Amul Gold Milk 1L,3,392.59,1177.77,7205.09,360.25,171.12,171.12,7187.08,Card
INV-20260206-0144,2026-02-06 08:55,More Supermarket,Delhi,Bru Coffee 200g,1,85.48,85.48,7205.09,360.25,171.12,171.12,7187.08,Cash
INV-20260311-0145,2026-03-11 22:16,Easyday Club,Aligarh,Wheel Detergent,1,674.88,674.88,7465.54,0.0,186.64,186.64,7838.82,UPI
INV-20260311-0145,2026-03-11 22:16,Easyday Club,Aligarh,Tata Tea Premium 500g,3,552.79,1658.37,7465.54,0.0,186.64,186.64,7838.82,Cash
INV-20260311-0145,2026-03-11 22:16,Easyday Club,Aligarh,Bru Coffee 200g,1,306.04,306.04,7465.54,0.0,186.64,186.64,7838.82,Card
INV-20260311-0145,2026-03-11 22:16,Easyday Club,Aligarh,Good Day Cookies,1,95.14,95.14,7465.54,0.0,186.64,186.64,7838.82,Cash
INV-20260311-0145,2026-03-11 22:16,Easyday Club,Aligarh,Surf Excel 1kg,2,648.41,1296.82,7465.54,0.0,186.64,186.64,7838.82,Cash
INV-20260311-0145,2026-03-11 22:16,Easyday Club,Aligarh,Clinic Plus Shampoo,2,19.79,39.58,7465.54,0.0,186.64,186.64,7838.82,Cash
INV-20260311-0145,2026-03-11 22:16,Easyday Club,Aligarh,Eggs (12 pcs),1,567.73,567.73,7465.54,0.0,186.64,186.64,7838.82,Cash
INV-20260311-0145,2026-03-11 22:16,Easyday Club,Aligarh,Britannia Bread,2,47.71,95.42,7465.54,0.0,186.64,186.64,7838.82,UPI
INV-20260311-0145,2026-03-11 22:16,Easyday Club,Aligarh,Moong Dal 1kg,3,267.63,802.89,7465.54,0.0,186.64,186.64,7838.82,UPI
INV-20260311-0145,2026-03-11 22:16,Easyday Club,Aligarh,Potato 2kg,3,417.01,1251.03,7465.54,0.0,186.64,186.64,7838.82,UPI
INV-20260311-0145,2026-03-11 22:16,Easyday Club,Aligarh,Tata Salt 1kg,1,677.64,677.64,7465.54,0.0,186.64,186.64,7838.82,Cash
INV-20260221-0146,2026-02-21 16:36,Spencer's,Lucknow,Sugar 1kg,2,696.18,1392.36,7735.83,386.79,183.73,183.73,7716.5,Cash
INV-20260221-0146,2026-02-21 16:36,Spencer's,Lucknow,Good Day Cookies,1,152.12,152.12,7735.83,386.79,183.73,183.73,7716.5,Cash
INV-20260221-0146,2026-02-21 16:36,Spencer's,Lucknow,Amul Gold Milk 1L,3,521.25,1563.75,7735.83,386.79,183.73,183.73,7716.5,UPI
INV-20260221-0146,2026-02-21 16:36,Spencer's,Lucknow,Fortune Sunflower Oil 1L,2,601.57,1203.14,7735.83,386.79,183.73,183.73,7716.5,UPI
INV-20260221-0146,2026-02-21 16:36,Spencer's,Lucknow,Tata Tea Premium 500g,1,320.57,320.57,7735.83,386.79,183.73,183.73,7716.5,UPI
INV-20260221-0146,2026-02-21 16:36,Spencer's,Lucknow,Horlicks 500g,1,68.45,68.45,7735.83,386.79,183.73,183.73,7716.5,UPI
INV-20260221-0146,2026-02-21 16:36,Spencer's,Lucknow,Tata Salt 1kg,1,716.38,716.38,7735.83,386.79,183.73,183.73,7716.5,Card
INV-20260221-0146,2026-02-21 16:36,Spencer's,Lucknow,Moong Dal 1kg,1,275.96,275.96,7735.83,386.79,183.73,183.73,7716.5,UPI
INV-20260221-0146,2026-02-21 16:36,Spencer's,Lucknow,India Gate Basmati Rice 5kg,2,650.07,1300.14,7735.83,386.79,183.73,183.73,7716.5,Cash
INV-20260221-0146,2026-02-21 16:36,Spencer's,Lucknow,Bru Coffee 200g,2,282.38,564.76,7735.83,386.79,183.73,183.73,7716.5,Cash
INV-20260221-0146,2026-02-21 16:36,Spencer's,Lucknow,Britannia Bread,1,178.2,178.2,7735.83,386.79,183.73,183.73,7716.5,Cash
INV-20260428-0147,2026-04-28 22:10,Spencer's,Lucknow,Lux Soap,1,380.48,380.48,8408.57,420.43,199.7,199.7,8387.54,UPI
INV-20260428-0147,2026-04-28 22:10,Spencer's,Lucknow,Banana 1 Dozen,1,117.79,117.79,8408.57,420.43,199.7,199.7,8387.54,Card
INV-20260428-0147,2026-04-28 22:10,Spencer's,Lucknow,Clinic Plus Shampoo,3,672.59,2017.77,8408.57,420.43,199.7,199.7,8387.54,Card
INV-20260428-0147,2026-04-28 22:10,Spencer's,Lucknow,Toor Dal 1kg,2,425.07,850.14,8408.57,420.43,199.7,199.7,8387.54,Cash
INV-20260428-0147,2026-04-28 22:10,Spencer's,Lucknow,Britannia Bread,1,25.93,25.93,8408.57,420.43,199.7,199.7,8387.54,Cash
INV-20260428-0147,2026-04-28 22:10,Spencer's,Lucknow,Tata Tea Premium 500g,3,702.69,2108.07,8408.57,420.43,199.7,199.7,8387.54,Card
INV-20260428-0147,2026-04-28 22:10,Spencer's,Lucknow,Aashirvaad Atta 5kg,1,656.44,656.44,8408.57,420.43,199.7,199.7,8387.54,UPI
INV-20260428-0147,2026-04-28 22:10,Spencer's,Lucknow,Potato 2kg,3,513.91,1541.73,8408.57,420.43,199.7,199.7,8387.54,Cash
INV-20260428-0147,2026-04-28 22:10,Spencer's,Lucknow,Parle-G Biscuits,2,355.11,710.22,8408.57,420.43,199.7,199.7,8387.54,UPI
INV-20260220-0148,2026-02-20 06:21,Easyday Club,Aligarh,Colgate Toothpaste,3,726.75,2180.25,8437.64,168.75,206.72,206.72,8682.33,Cash
INV-20260220-0148,2026-02-20 06:21,Easyday Club,Aligarh,Fortune Sunflower Oil 1L,3,501.01,1503.03,8437.64,168.75,206.72,206.72,8682.33,Cash
INV-20260220-0148,2026-02-20 06:21,Easyday Club,Aligarh,Surf Excel 1kg,3,489.4,1468.2,8437.64,168.75,206.72,206.72,8682.33,UPI
INV-20260220-0148,2026-02-20 06:21,Easyday Club,Aligarh,Maggi Noodles Pack,2,409.48,818.96,8437.64,168.75,206.72,206.72,8682.33,UPI
INV-20260220-0148,2026-02-20 06:21,Easyday Club,Aligarh,Good Day Cookies,2,542.53,1085.06,8437.64,168.75,206.72,206.72,8682.33,UPI
INV-20260220-0148,2026-02-20 06:21,Easyday Club,Aligarh,Clinic Plus Shampoo,3,282.52,847.56,8437.64,168.75,206.72,206.72,8682.33,Card
INV-20260220-0148,2026-02-20 06:21,Easyday Club,Aligarh,Tata Tea Premium 500g,1,73.78,73.78,8437.64,168.75,206.72,206.72,8682.33,Card
INV-20260220-0148,2026-02-20 06:21,Easyday Club,Aligarh,Tomato 1kg,1,460.8,460.8,8437.64,168.75,206.72,206.72,8682.33,UPI
INV-20260131-0149,2026-01-31 23:36,More Supermarket,Delhi,Britannia Bread,2,603.3,1206.6,9161.31,458.07,217.58,217.58,9138.4,UPI
INV-20260131-0149,2026-01-31 23:36,More Supermarket,Delhi,Tata Tea Premium 500g,3,223.06,669.18,9161.31,458.07,217.58,217.58,9138.4,Cash
INV-20260131-0149,2026-01-31 23:36,More Supermarket,Delhi,Clinic Plus Shampoo,3,742.63,2227.89,9161.31,458.07,217.58,217.58,9138.4,Card
INV-20260131-0149,2026-01-31 23:36,More Supermarket,Delhi,Eggs (12 pcs),3,236.3,708.9,9161.31,458.07,217.58,217.58,9138.4,UPI
INV-20260131-0149,2026-01-31 23:36,More Supermarket,Delhi,Potato 2kg,2,713.55,1427.1,9161.31,458.07,217.58,217.58,9138.4,UPI
INV-20260131-0149,2026-01-31 23:36,More Supermarket,Delhi,Surf Excel 1kg,1,286.81,286.81,9161.31,458.07,217.58,217.58,9138.4,Card
INV-20260131-0149,2026-01-31 23:36,More Supermarket,Delhi,Horlicks 500g,3,715.54,2146.62,9161.31,458.07,217.58,217.58,9138.4,UPI
INV-20260131-0149,2026-01-31 23:36,More Supermarket,Delhi,India Gate Basmati Rice 5kg,3,22.66,67.98,9161.31,458.07,217.58,217.58,9138.4,Card
INV-20260131-0149,2026-01-31 23:36,More Supermarket,Delhi,Good Day Cookies,1,420.23,420.23,9161.31,458.07,217.58,217.58,9138.4,Card
INV-20260309-0150,2026-03-09 21:45,DMart Hypermarket,Noida,Surf Excel 1kg,3,467.39,1402.17,6364.39,0.0,159.11,159.11,6682.61,Card
INV-20260309-0150,2026-03-09 21:45,DMart Hypermarket,Noida,Lux Soap,2,519.33,1038.66,6364.39,0.0,159.11,159.11,6682.61,Card
INV-20260309-0150,2026-03-09 21:45,DMart Hypermarket,Noida,Aashirvaad Atta 5kg,2,716.04,1432.08,6364.39,0.0,159.11,159.11,6682.61,Card
INV-20260309-0150,2026-03-09 21:45,DMart Hypermarket,Noida,Sugar 1kg,1,90.08,90.08,6364.39,0.0,159.11,159.11,6682.61,UPI
INV-20260309-0150,2026-03-09 21:45,DMart Hypermarket,Noida,Clinic Plus Shampoo,1,501.44,501.44,6364.39,0.0,159.11,159.11,6682.61,UPI
INV-20260309-0150,2026-03-09 21:45,DMart Hypermarket,Noida,Horlicks 500g,2,102.99,205.98,6364.39,0.0,159.11,159.11,6682.61,Card
INV-20260309-0150,2026-03-09 21:45,DMart Hypermarket,Noida,Wheel Detergent,1,219.89,219.89,6364.39,0.0,159.11,159.11,6682.61,Cash
INV-20260309-0150,2026-03-09 21:45,DMart Hypermarket,Noida,Colgate Toothpaste,1,591.73,591.73,6364.39,0.0,159.11,159.11,6682.61,Card
INV-20260309-0150,2026-03-09 21:45,DMart Hypermarket,Noida,Bru Coffee 200g,3,294.12,882.36,6364.39,0.0,159.11,159.11,6682.61,Card
